ID,Name,Age,Gender,Department,Salary,Joining Date,Performance Score,Experience,Status,Location,Session
1,Cory Escobar,48,Female,HR,5641,2015-05-03,2.0,16,Active,New York,Night
2,Timothy Sanchez,25,Other,Sales,4249,2020-11-09,2.0,11,Inactive,Los Angeles,Evening
3,Chad Nichols,57,Other,Sales,3058,2019-02-12,,1,Inactive,New York,Morning
4,Christine Williams,58,Female,IT,5895,2017-09-08,2.0,13,Inactive,Los Angeles,Evening
5,Amber Harris,35,Other,IT,4317,2020-02-15,5.0,16,Inactive,New York,Evening
6,Ashley Howe,29,Female,HR,2591,2016-06-24,1.0,6,Active,Chicago,Evening
7,David Olson,39,Female,Sales,6826,2023-05-11,,4,Active,New York,Night
8,Amanda Baker,52,Other,HR,6285,2015-04-01,,8,Inactive,Chicago,Evening
9,Jeremy Wright,63,Female,Sales,9862,2024-02-07,,3,Inactive,New York,Night
10,Brian Faulkner,30,Male,IT,8202,2018-05-26,1.0,9,Active,Los Angeles,Morning
11,Nicole Bell,42,Female,Sales,5336,2015-01-28,3.0,7,Active,Los Angeles,Evening
12,Rodney Richardson,60,Other,HR,6908,2015-03-14,4.0,19,Active,Chicago,Night
13,Joshua Robinson,61,Male,IT,5688,2020-06-21,,4,Inactive,Chicago,Night
14,Benjamin Callahan,34,Male,IT,5593,2019-06-23,,2,Inactive,Los Angeles,Night
15,Matthew Collins MD,31,Female,Sales,8568,2020-06-01,,20,Inactive,Los Angeles,Evening
16,Gary Cooley,62,Male,HR,5386,2017-07-25,,2,Inactive,Chicago,Morning
17,Jonathan Perez,59,Male,HR,6586,2019-02-19,3.0,7,Inactive,Los Angeles,Evening
18,Jacqueline Randall,31,Female,HR,3519,2018-05-18,4.0,6,Active,New York,Morning
19,Nancy Stephens,38,Male,HR,9061,2017-07-16,5.0,16,Inactive,Chicago,Night
20,Victoria Fox,57,Female,HR,7251,2023-06-07,,10,Active,Los Angeles,Evening
21,Heather Jones,35,Male,Sales,4565,2018-02-07,,9,Active,Chicago,Night
22,Stacie Porter,61,Female,HR,4071,2020-05-04,2.0,9,Inactive,Chicago,Night
23,Bryce Carter,35,Female,Sales,9598,2015-12-16,4.0,4,Inactive,New York,Night
24,Marissa Stewart,31,Female,HR,5386,2021-01-30,,3,Active,Los Angeles,Evening
25,Tracy Carlson,21,Male,HR,9275,2022-04-09,4.0,12,Active,New York,Morning
26,Tara Blackwell,30,Other,HR,6120,2020-02-20,5.0,7,Active,New York,Evening
27,Austin Long,20,Female,IT,4899,2024-05-01,5.0,8,Inactive,Chicago,Night
28,Jordan Warren,55,Female,HR,4608,2018-07-07,,18,Inactive,Los Angeles,Morning
29,Vickie Campbell,65,Female,IT,9190,2019-10-28,,12,Inactive,Chicago,Morning
30,Rachel Ramsey,22,Male,Sales,9661,2016-08-18,2.0,17,Inactive,Chicago,Night
31,Brandi Smith,21,Other,IT,4780,2020-01-20,1.0,7,Inactive,New York,Night
32,Jacqueline Becker,63,Other,Sales,4270,2021-12-16,,20,Inactive,Los Angeles,Morning
33,Trevor Duncan,65,Other,Sales,6547,2024-06-10,,10,Active,Chicago,Evening
34,Mr. Brian Nelson,42,Female,IT,5207,2017-08-17,1.0,4,Active,Los Angeles,Night
35,Lisa Fry,51,Female,IT,9259,2017-09-26,4.0,17,Inactive,Los Angeles,Night
36,Kevin Watts,35,Male,IT,9078,2019-06-12,1.0,7,Inactive,Los Angeles,Evening
37,Jacqueline Moore,39,Male,Sales,2364,2018-02-25,1.0,15,Active,Los Angeles,Evening
38,Lawrence Rose,18,Female,HR,2904,2021-04-11,1.0,17,Inactive,Chicago,Night
39,Jordan Scott,33,Other,Sales,8678,2016-05-15,5.0,9,Active,Los Angeles,Evening
40,Lisa Wagner,36,Male,HR,8870,2024-08-12,4.0,17,Active,Los Angeles,Evening
41,Ricky Keith,20,Female,Sales,6621,2024-01-29,,20,Inactive,Los Angeles,Evening
42,Charles Mccall,58,Other,IT,9512,2024-11-10,,8,Inactive,Los Angeles,Morning
43,April Ponce,27,Female,Sales,6655,2021-10-22,,2,Inactive,Los Angeles,Evening
44,Cindy Nichols,64,Female,IT,2427,2014-12-19,,6,Active,New York,Night
45,Daniel Aguirre,20,Other,IT,4184,2017-10-03,,13,Active,New York,Morning
46,Dr. Monica Hanna PhD,27,Other,HR,4356,2020-10-31,,11,Inactive,New York,Night
47,Alicia Scott,47,Female,HR,7966,2019-09-03,,8,Inactive,New York,Morning
48,Jake Johnson,48,Other,IT,5848,2017-02-03,3.0,2,Active,Los Angeles,Night
49,Jamie Wood,46,Male,Sales,2773,2023-02-25,4.0,9,Active,New York,Morning
50,Valerie Guerrero,23,Male,HR,6253,2023-09-21,4.0,14,Active,Los Angeles,Night
51,Jamie Gregory,27,Other,Sales,3253,2015-12-07,,12,Active,Chicago,Morning
52,Jesse Vincent,62,Male,HR,6149,2023-09-17,,11,Inactive,Chicago,Evening
53,Steve Salinas,42,Other,Sales,6567,2022-03-26,2.0,19,Inactive,Los Angeles,Morning
54,Taylor Griffin,62,Other,Sales,5721,2019-01-07,5.0,7,Active,Chicago,Night
55,Kim Smith,63,Other,HR,4533,2023-10-11,4.0,16,Active,Los Angeles,Night
56,Jonathon Adams,40,Female,IT,8745,2020-07-29,,12,Inactive,Chicago,Night
57,Jeremy Conway,38,Other,IT,4954,2024-08-11,,12,Active,Los Angeles,Night
58,Johnathan Obrien,58,Female,Sales,3635,2021-04-09,,7,Active,New York,Night
59,Erik Moss,57,Male,Sales,4651,2018-02-07,,19,Active,Los Angeles,Night
60,Melinda Tyler,19,Other,Sales,5937,2021-04-12,5.0,9,Inactive,Los Angeles,Evening
61,Andrew Shannon,51,Other,Sales,8544,2020-02-08,,6,Active,New York,Evening
62,Carmen Taylor,33,Male,Sales,2851,2023-01-30,2.0,11,Active,Chicago,Morning
63,Joseph Anderson,57,Female,IT,3933,2023-06-02,,6,Active,Los Angeles,Night
64,Katherine Clark,39,Female,IT,2585,2023-02-17,2.0,1,Active,Los Angeles,Evening
65,Mary Miller,20,Other,Sales,3718,2019-10-19,,4,Active,Los Angeles,Morning
66,Sarah Harrell,44,Male,IT,2436,2021-01-01,,5,Inactive,Chicago,Night
67,Kelli Lopez,25,Female,HR,7637,2021-09-21,,4,Active,Los Angeles,Night
68,Denise Smith,27,Male,HR,6921,2024-10-31,2.0,3,Active,Chicago,Evening
69,Alyssa Taylor,29,Male,HR,7554,2017-10-19,,17,Active,Chicago,Night
70,Erica James,64,Female,IT,2442,2020-09-28,,14,Inactive,Los Angeles,Morning
71,Daniel Hamilton,40,Male,Sales,2466,2018-04-08,,15,Active,Chicago,Evening
72,Tiffany Alexander,45,Female,Sales,3897,2019-05-18,4.0,12,Active,Chicago,Evening
73,Jennifer Carter,52,Male,HR,8386,2016-04-06,,14,Active,Chicago,Morning
74,Amanda Rodgers,60,Male,IT,3767,2018-03-21,3.0,3,Inactive,Los Angeles,Night
75,Francisco Jones,18,Female,Sales,8622,2023-07-01,1.0,13,Inactive,Chicago,Evening
76,Cameron Butler,31,Female,IT,8032,2023-10-20,4.0,11,Inactive,New York,Morning
77,Victor Nelson,47,Female,Sales,2025,2015-05-14,1.0,5,Active,New York,Night
78,Kathy Thompson,19,Other,HR,4698,2016-02-23,3.0,15,Inactive,Chicago,Night
79,Michele Schmidt,56,Male,HR,5457,2016-05-22,,11,Inactive,Chicago,Evening
80,Mary Singh,39,Other,IT,5562,2019-07-06,,7,Inactive,New York,Evening
81,Julia Stanley,28,Female,HR,2077,2021-07-28,,11,Inactive,Los Angeles,Morning
82,Kevin Price,62,Male,HR,4292,2020-11-12,2.0,7,Active,Los Angeles,Night
83,Jamie Wright,49,Other,Sales,3111,2020-11-02,,3,Active,Chicago,Evening
84,Elaine Payne,18,Female,IT,5470,2017-06-23,3.0,8,Active,Los Angeles,Evening
85,Justin Rodriguez,39,Other,Sales,3115,2020-07-01,4.0,4,Active,Chicago,Evening
86,Chase Taylor,29,Other,IT,9901,2017-10-04,2.0,7,Active,Los Angeles,Evening
87,Dustin Allen,34,Male,IT,8629,2015-01-08,,9,Inactive,Chicago,Morning
88,Lori Bowen,28,Female,Sales,6839,2023-01-07,,4,Active,Los Angeles,Evening
89,Jessica Sanders,41,Male,HR,6828,2024-08-02,1.0,10,Inactive,Chicago,Night
90,Lauren Lee,60,Female,Sales,8710,2020-07-16,2.0,10,Inactive,Los Angeles,Evening
91,Kyle Schwartz,31,Male,HR,3488,2023-03-16,1.0,3,Active,New York,Morning
92,Bruce Campbell,58,Other,IT,5271,2023-12-20,,7,Active,Chicago,Night
93,Peter Moore,38,Other,Sales,4897,2021-03-13,1.0,4,Inactive,Chicago,Morning
94,Elizabeth Gallagher,21,Female,IT,2860,2023-02-06,4.0,4,Active,Los Angeles,Night
95,Michael Garcia,62,Male,Sales,3482,2018-01-29,3.0,20,Active,New York,Night
96,Jeff Wilson,45,Other,HR,3427,2024-06-08,,8,Active,Chicago,Evening
97,Holly Gaines,22,Male,Sales,5432,2017-01-14,,14,Inactive,Los Angeles,Morning
98,Matthew Fields,33,Female,HR,2378,2015-08-07,,20,Inactive,Los Angeles,Night
99,Kathleen Thomas,20,Other,IT,6768,2018-09-15,,2,Inactive,Los Angeles,Night
100,Thomas Hamilton,33,Male,Sales,8076,2017-12-24,,9,Inactive,Chicago,Morning
101,Bryan Navarro,26,Female,IT,9538,2021-01-23,,3,Active,New York,Morning
102,Jennifer Hansen,27,Other,HR,2912,2020-02-22,2.0,3,Inactive,New York,Night
103,James Saunders,34,Other,IT,6742,2019-09-16,,8,Active,Los Angeles,Night
104,Jose Henson,32,Male,HR,6458,2023-03-25,5.0,7,Active,Chicago,Evening
105,Isaiah Sanders DDS,31,Female,HR,2752,2021-04-28,5.0,6,Active,Chicago,Night
106,Katelyn Chavez,25,Other,HR,7371,2015-10-06,,13,Inactive,Chicago,Evening
107,Nancy Robinson,21,Other,Sales,5133,2017-12-19,,11,Active,Los Angeles,Evening
108,Sandra Allen,24,Male,IT,2578,2019-01-05,5.0,16,Active,Chicago,Morning
109,Mrs. Robin Mccarthy PhD,51,Male,HR,7457,2019-04-24,,15,Active,Los Angeles,Night
110,Catherine Ray,58,Female,Sales,7263,2017-12-10,,20,Active,New York,Morning
111,James Johnson,65,Female,HR,2166,2016-08-20,2.0,17,Inactive,New York,Morning
112,Sarah Barrera,31,Female,Sales,2303,2021-10-30,3.0,18,Inactive,Los Angeles,Night
113,Luke Mcpherson,34,Other,IT,9812,2016-01-29,3.0,13,Active,New York,Evening
114,Michael Moore,65,Other,Sales,4940,2021-03-26,2.0,11,Active,Los Angeles,Evening
115,Donna Manning,40,Other,IT,3935,2021-05-10,5.0,19,Inactive,Chicago,Morning
116,John Lloyd,19,Male,HR,3233,2017-05-10,5.0,6,Inactive,Chicago,Evening
117,Sean Owens,45,Male,HR,4012,2016-07-09,,10,Inactive,Los Angeles,Night
118,Gregory Robinson,32,Other,IT,8619,2021-01-16,,8,Inactive,New York,Morning
119,Tara Hudson,48,Female,IT,2898,2022-01-02,,12,Inactive,Los Angeles,Morning
120,Heidi Franklin,22,Male,HR,7187,2024-01-26,,1,Active,New York,Morning
121,David Hampton,39,Female,HR,9941,2024-07-06,3.0,15,Inactive,New York,Morning
122,Jacob Gonzalez,25,Male,IT,5121,2020-06-12,,1,Active,Chicago,Night
123,Kenneth Jensen,46,Other,IT,7991,2017-04-21,,13,Inactive,Los Angeles,Morning
124,Amber Pittman,24,Female,Sales,5287,2018-03-08,2.0,1,Active,New York,Evening
125,William Hall,23,Male,Sales,3754,2022-10-16,,8,Active,Chicago,Evening
126,Michael Wilson,38,Other,IT,2358,2016-12-25,3.0,14,Active,New York,Morning
127,Vanessa Gray,65,Other,Sales,8122,2015-11-27,,15,Active,Los Angeles,Night
128,Ashley Williams,65,Female,HR,9973,2020-05-03,,19,Inactive,New York,Morning
129,Shawn Marshall,28,Other,IT,2488,2019-01-21,,6,Active,Los Angeles,Morning
130,Derrick Woods,64,Female,IT,7378,2019-09-22,,18,Inactive,New York,Evening
131,Lisa Levy,64,Other,IT,7647,2021-07-07,,8,Active,Los Angeles,Evening
132,Amy Patel,38,Other,HR,2052,2020-08-07,,9,Inactive,Chicago,Evening
133,Gregory Villegas,64,Female,Sales,5723,2021-06-26,4.0,19,Inactive,New York,Evening
134,Arthur Tyler,30,Other,Sales,3856,2022-01-19,,13,Inactive,Chicago,Evening
135,Jonathan Schneider,33,Male,Sales,3843,2023-08-03,5.0,18,Inactive,Chicago,Morning
136,Donna Fox,49,Male,Sales,3128,2023-09-29,2.0,6,Inactive,Los Angeles,Morning
137,Rebecca Pitts,56,Female,Sales,8154,2017-06-29,,9,Inactive,Chicago,Morning
138,Annette Peterson,34,Female,Sales,4286,2020-05-17,,7,Active,Chicago,Morning
139,Mr. James Moore,46,Other,Sales,3829,2021-08-21,,11,Inactive,Chicago,Morning
140,William Hernandez,27,Other,IT,8855,2020-11-18,,18,Inactive,Chicago,Morning
141,Kevin Ruiz,18,Male,IT,8733,2020-08-15,,19,Inactive,Chicago,Night
142,Matthew Gutierrez,38,Other,Sales,5883,2024-10-22,4.0,14,Inactive,Chicago,Evening
143,Kelly Phillips,42,Female,Sales,3591,2020-07-17,5.0,20,Inactive,Los Angeles,Morning
144,Dana Potter,46,Male,IT,6368,2024-04-07,,2,Inactive,New York,Evening
145,Kimberly Murphy,25,Other,HR,3003,2019-05-14,1.0,19,Active,New York,Morning
146,Jessica Hernandez,20,Male,IT,4757,2017-07-07,,8,Inactive,Chicago,Morning
147,Rachel Allen,22,Other,IT,8152,2018-01-30,,4,Active,New York,Evening
148,Mr. Brandon Gonzales,37,Female,Sales,6429,2023-09-23,2.0,10,Inactive,Chicago,Morning
149,Matthew Perkins,57,Other,IT,3757,2023-07-12,,19,Inactive,New York,Evening
150,Robert Adkins,28,Female,Sales,8198,2020-10-23,1.0,15,Inactive,New York,Evening
151,Anthony Moran,54,Female,Sales,2364,2017-09-28,,5,Inactive,Chicago,Morning
152,Julie Wilson,58,Male,Sales,2621,2018-08-26,,16,Active,New York,Evening
153,Mark Morris,31,Male,IT,4451,2017-12-31,,1,Inactive,Chicago,Night
154,Charles Marsh,29,Male,HR,4056,2023-11-01,,17,Inactive,New York,Morning
155,Larry Johnson,63,Other,IT,5746,2018-11-20,5.0,5,Inactive,New York,Night
156,Raymond Johnson,56,Female,IT,5982,2016-12-03,5.0,11,Inactive,New York,Morning
157,Pamela Pierce,43,Female,HR,4710,2021-06-26,1.0,16,Active,New York,Night
158,Debra Smith,19,Other,HR,4527,2015-04-28,3.0,14,Active,Chicago,Night
159,Erin Harrison,34,Male,HR,9719,2019-07-31,2.0,2,Inactive,Chicago,Evening
160,Thomas Gordon,26,Male,HR,6157,2018-04-30,,15,Active,New York,Night
161,Cindy Torres,31,Male,IT,8428,2024-09-17,4.0,11,Inactive,New York,Evening
162,Mario Newman,36,Other,IT,3284,2015-04-20,,15,Inactive,Los Angeles,Night
163,Emily Hughes,32,Male,IT,8958,2017-03-15,,17,Active,Los Angeles,Morning
164,Emily Fisher,25,Male,HR,9021,2016-09-15,,11,Inactive,Chicago,Night
165,Sheryl Everett DDS,57,Male,Sales,3479,2017-11-15,,13,Inactive,New York,Morning
166,Caleb Coffey,49,Other,HR,6194,2024-05-12,1.0,19,Inactive,New York,Evening
167,Brianna Murray,28,Other,IT,3862,2018-10-21,,3,Inactive,Chicago,Night
168,Amy Bell,56,Male,IT,6006,2023-10-21,,4,Active,New York,Morning
169,Tonya Estrada,22,Other,Sales,2523,2022-08-10,2.0,4,Inactive,Chicago,Evening
170,George Bowers,24,Other,Sales,6041,2024-12-07,2.0,4,Active,New York,Night
171,Tyler Figueroa,48,Female,Sales,2913,2020-12-04,2.0,6,Active,New York,Evening
172,Roger Pugh,64,Other,HR,6767,2023-04-14,,11,Inactive,Los Angeles,Evening
173,Paul Ross,19,Other,Sales,6735,2022-01-26,,12,Active,Los Angeles,Morning
174,Steven Green,21,Other,IT,4043,2015-10-10,3.0,20,Inactive,Chicago,Morning
175,Amanda Walters,46,Other,Sales,8354,2015-10-26,,10,Active,Los Angeles,Night
176,Cody Sanchez,32,Female,Sales,5224,2019-01-27,,15,Active,Los Angeles,Evening
177,Sherri Hess,37,Female,Sales,6706,2021-05-29,3.0,9,Inactive,Los Angeles,Night
178,David Buchanan,52,Male,Sales,8899,2016-01-12,,17,Active,Chicago,Evening
179,Daniel Hoffman,36,Male,IT,7885,2016-06-04,2.0,2,Inactive,New York,Evening
180,Kathryn Choi,34,Other,IT,3671,2021-05-08,,16,Active,Los Angeles,Night
181,Sharon Patterson,33,Male,HR,6833,2015-02-04,,16,Active,New York,Night
182,Brooke Norris,58,Male,IT,5025,2020-10-24,,13,Inactive,Los Angeles,Night
183,Linda Wilson,45,Male,IT,3979,2024-03-07,3.0,12,Active,New York,Evening
184,Nathaniel Miller,22,Male,Sales,8840,2023-01-17,,17,Active,New York,Evening
185,Michael Edwards,19,Other,Sales,8470,2016-12-20,4.0,1,Inactive,Los Angeles,Evening
186,Jane Gardner,51,Other,Sales,7894,2014-12-29,,11,Inactive,Los Angeles,Night
187,Anthony Lucas,48,Female,HR,3064,2023-08-26,4.0,11,Active,New York,Evening
188,Robert Colon,39,Other,HR,2149,2023-05-10,4.0,17,Active,New York,Night
189,Patrick Williams,50,Other,IT,3737,2021-08-07,,4,Active,New York,Evening
190,Tiffany Hopkins,21,Female,HR,7708,2021-11-10,,20,Active,Los Angeles,Night
191,Miguel Finley,25,Female,IT,9374,2019-08-22,,15,Active,New York,Evening
192,John Sullivan,29,Other,IT,3049,2018-08-29,4.0,2,Inactive,New York,Night
193,Albert Stevens,29,Other,HR,2776,2021-02-24,2.0,1,Active,Chicago,Night
194,Dean Barnes,54,Other,IT,4678,2019-01-18,4.0,6,Active,Chicago,Morning
195,Eric York,34,Male,HR,3397,2022-06-25,4.0,2,Active,Los Angeles,Evening
196,Breanna Ballard,20,Other,Sales,3386,2020-08-31,,1,Inactive,New York,Evening
197,Joshua Booker,22,Male,HR,6539,2022-07-12,,2,Active,Los Angeles,Night
198,Mary King,23,Female,HR,3175,2021-05-21,,9,Active,New York,Evening
199,Jennifer Brown DVM,51,Male,HR,7908,2023-04-14,1.0,2,Inactive,Chicago,Evening
200,Gregory Cohen,23,Other,Sales,8119,2018-01-01,,5,Inactive,Chicago,Morning
201,Mr. James Johnson,48,Female,HR,9930,2019-08-04,5.0,19,Active,Chicago,Morning
202,Elizabeth Jordan,23,Other,HR,3514,2018-10-01,,1,Inactive,Los Angeles,Morning
203,Robert Carey,59,Female,IT,6267,2021-01-12,5.0,6,Inactive,New York,Morning
204,Randy Pace,28,Male,HR,8416,2022-02-21,,8,Active,Los Angeles,Morning
205,Brian Herrera,29,Other,Sales,5703,2018-12-16,2.0,10,Active,New York,Morning
206,Julie Hayden,55,Female,IT,2127,2019-02-09,,8,Active,Los Angeles,Evening
207,Mario Jackson,43,Male,IT,8563,2017-12-28,4.0,11,Active,Los Angeles,Night
208,Dawn Flowers,24,Female,IT,7539,2021-02-05,,5,Active,Los Angeles,Night
209,Darrell Burns,58,Other,Sales,2223,2024-06-29,,8,Active,New York,Morning
210,Mr. Jason Jones,44,Female,HR,3517,2022-01-11,5.0,10,Inactive,Chicago,Morning
211,Joseph Li,42,Male,HR,4603,2016-07-30,2.0,12,Inactive,New York,Night
212,Christopher Barrera,62,Other,HR,4751,2022-10-27,1.0,3,Inactive,New York,Morning
213,Tyler Carroll,54,Female,IT,6942,2021-02-02,3.0,5,Inactive,New York,Morning
214,Rachel Mcdonald,32,Female,Sales,2489,2015-12-11,5.0,3,Inactive,Chicago,Morning
215,Dawn Nelson,65,Female,IT,4538,2016-02-01,3.0,8,Active,Chicago,Morning
216,Sara Jones,50,Female,Sales,9377,2019-10-16,,3,Active,Los Angeles,Morning
217,Alison Anderson,35,Female,Sales,8129,2024-06-29,,3,Inactive,New York,Evening
218,Jeffery Hurley,25,Male,IT,7335,2017-11-05,1.0,3,Active,Los Angeles,Night
219,Melissa Flores,38,Other,Sales,3663,2016-06-14,3.0,3,Inactive,New York,Evening
220,Erika Schneider,20,Other,IT,4328,2018-05-01,2.0,12,Active,Los Angeles,Morning
221,Steven Salinas,48,Female,HR,7067,2023-11-23,,8,Inactive,Los Angeles,Morning
222,Kenneth Taylor,20,Other,Sales,6389,2017-03-05,,6,Inactive,New York,Evening
223,Jennifer Hartman,62,Female,IT,7732,2020-08-20,,18,Active,New York,Morning
224,Cheryl Potter,59,Male,IT,3379,2018-07-30,,8,Inactive,Los Angeles,Morning
225,Lori Rodriguez,27,Other,IT,3660,2023-12-15,,9,Active,Los Angeles,Night
226,Brian White,51,Other,IT,9160,2017-04-27,,15,Inactive,Los Angeles,Night
227,Ashley Robbins,49,Other,HR,8733,2019-02-06,,2,Inactive,Los Angeles,Morning
228,Mary Mcguire,45,Other,IT,8587,2019-01-21,2.0,18,Active,Chicago,Morning
229,Christie Warren,51,Female,Sales,9139,2020-08-16,5.0,1,Active,Chicago,Night
230,Monica Henderson,39,Male,IT,7250,2016-07-11,4.0,1,Active,Chicago,Morning
231,Connie Lucas,41,Other,HR,4782,2015-12-09,4.0,7,Inactive,Los Angeles,Morning
232,William Harris,26,Female,Sales,6975,2016-03-26,,14,Active,New York,Evening
233,Michelle Mendez,50,Male,IT,8718,2024-07-17,1.0,18,Active,Chicago,Morning
234,Richard Mendez,40,Male,Sales,7461,2022-04-13,3.0,7,Inactive,Chicago,Night
235,Stuart Rodriguez,33,Other,Sales,7974,2017-02-15,,7,Active,Los Angeles,Night
236,Curtis Diaz,42,Other,IT,4401,2022-11-17,1.0,9,Inactive,New York,Night
237,Joan Trevino,46,Male,Sales,8607,2019-01-21,5.0,3,Inactive,New York,Night
238,Gregory Pollard,49,Other,HR,3659,2023-01-11,,10,Inactive,Chicago,Morning
239,Lori Petty,65,Other,Sales,6332,2015-05-09,,12,Active,Chicago,Evening
240,Christina Gutierrez,37,Male,Sales,9356,2018-01-02,3.0,3,Active,Chicago,Morning
241,Ashley Kim,33,Male,IT,2996,2023-11-10,,11,Inactive,Chicago,Evening
242,Jennifer Wilson,54,Male,HR,9516,2021-10-19,1.0,8,Inactive,Chicago,Night
243,Scott Russell,35,Other,IT,2847,2020-02-19,,11,Active,Los Angeles,Morning
244,Evan Blackburn,26,Other,HR,8181,2016-02-19,,14,Inactive,Los Angeles,Night
245,Justin Hampton,55,Male,IT,7725,2024-11-22,4.0,10,Inactive,New York,Morning
246,Marie Reese,60,Male,Sales,7911,2019-03-24,,7,Active,Chicago,Evening
247,Sheila Gordon,50,Other,Sales,2550,2021-12-17,,15,Inactive,New York,Evening
248,Jessica Davis,22,Male,IT,2649,2024-09-21,,8,Inactive,Chicago,Night
249,Tyler Carter,65,Female,IT,8882,2018-11-23,,2,Active,New York,Morning
250,David Burke,25,Female,HR,2994,2015-09-21,,14,Active,Chicago,Morning
251,Joshua Bullock,38,Male,Sales,9924,2019-01-10,4.0,20,Inactive,Chicago,Night
252,Gabriel Peters,50,Other,IT,3091,2015-05-15,1.0,16,Active,Los Angeles,Morning
253,Christine Duran,61,Male,IT,3063,2018-03-18,1.0,4,Active,New York,Morning
254,Nancy Mendez,44,Other,HR,5443,2018-04-20,1.0,9,Inactive,Chicago,Evening
255,Susan Fisher,45,Male,HR,9207,2020-01-05,4.0,4,Active,Los Angeles,Morning
256,Meghan Burgess,49,Male,HR,3081,2017-08-23,,5,Inactive,New York,Night
257,Jeffery Jackson,19,Female,IT,4084,2022-08-23,3.0,7,Active,Los Angeles,Night
258,David Tran,18,Other,Sales,4520,2021-01-24,2.0,4,Inactive,New York,Evening
259,Karina Harris,40,Female,HR,4123,2022-10-09,4.0,6,Inactive,New York,Morning
260,Bradley Gibbs,35,Other,IT,9624,2019-03-04,1.0,19,Inactive,Los Angeles,Night
261,Stephen Mitchell,52,Female,IT,4322,2022-07-29,3.0,4,Active,New York,Night
262,Gabriel Warren,18,Other,IT,7774,2015-12-21,,12,Inactive,Los Angeles,Morning
263,James Hines,58,Male,IT,3439,2022-12-13,,16,Active,Los Angeles,Evening
264,Gabriela Wilson,40,Other,Sales,9455,2023-11-19,1.0,14,Active,Los Angeles,Morning
265,Kara Wilson,31,Male,IT,7692,2018-09-01,1.0,19,Inactive,Los Angeles,Night
266,John Butler,65,Other,Sales,8334,2024-05-28,2.0,15,Active,New York,Evening
267,Jared Villanueva,50,Male,IT,5970,2016-06-23,2.0,4,Active,New York,Morning
268,Mary Hammond,19,Other,HR,3504,2020-04-04,,14,Active,Chicago,Night
269,Margaret Mayo,30,Female,HR,4107,2018-12-02,3.0,14,Inactive,Chicago,Night
270,Ray Smith,31,Other,Sales,5819,2023-08-20,,8,Inactive,Los Angeles,Morning
271,Derek Morris,30,Female,IT,5472,2024-01-07,,6,Inactive,New York,Evening
272,Carrie Martinez,65,Other,Sales,2417,2021-06-18,2.0,17,Active,Chicago,Morning
273,Thomas Spence,25,Female,IT,8613,2016-11-20,,3,Inactive,Chicago,Night
274,Carrie Sloan,30,Other,HR,4347,2018-01-16,4.0,6,Inactive,New York,Morning
275,Mrs. Kimberly Woodard MD,48,Female,Sales,7287,2019-03-06,1.0,9,Active,Los Angeles,Night
276,Harry Alexander,22,Male,Sales,9749,2019-05-15,,5,Active,Los Angeles,Morning
277,David Cox,45,Female,IT,4514,2022-06-11,4.0,2,Active,Los Angeles,Morning
278,Sheryl Gray,22,Other,Sales,4226,2024-10-01,,8,Active,Chicago,Morning
279,Michael Bishop,49,Male,IT,7561,2016-12-31,,14,Active,Chicago,Evening
280,Dalton Moore,39,Female,IT,5956,2015-04-16,5.0,16,Inactive,Los Angeles,Morning
281,Caroline Bell,49,Other,IT,2175,2022-05-09,,16,Active,Chicago,Morning
282,Vanessa Shelton,42,Other,Sales,5756,2019-09-12,,13,Active,Chicago,Morning
283,Scott White,45,Other,Sales,4104,2017-09-18,3.0,5,Active,Chicago,Evening
284,Richard Smith,18,Male,Sales,2364,2016-11-27,2.0,12,Active,Los Angeles,Morning
285,Daniel Rodriguez,63,Male,HR,8704,2021-09-28,,10,Inactive,Los Angeles,Morning
286,Mr. Kevin Bradley,29,Female,Sales,2993,2015-02-14,,8,Inactive,Los Angeles,Morning
287,Judith Evans,20,Other,IT,4409,2015-10-30,,20,Inactive,New York,Night
288,Michele Roman,60,Other,HR,3162,2017-06-14,,20,Active,New York,Night
289,Barry Mckenzie,54,Other,Sales,5523,2020-02-21,,9,Inactive,Chicago,Night
290,Sara Stokes,30,Female,IT,9921,2018-10-01,3.0,2,Inactive,New York,Morning
291,Rebecca Bailey,25,Male,IT,7864,2015-12-12,3.0,19,Inactive,Los Angeles,Morning
292,Rachel Sosa,47,Other,IT,8158,2022-02-07,2.0,6,Inactive,Chicago,Night
293,Amy Hubbard,29,Male,HR,5883,2016-06-26,4.0,18,Inactive,New York,Evening
294,Gary Grant,41,Other,IT,3174,2017-09-05,2.0,16,Inactive,New York,Night
295,Kimberly Smith,24,Other,Sales,7332,2020-11-28,2.0,10,Active,New York,Night
296,Jennifer Nichols,21,Other,HR,4009,2015-02-22,2.0,13,Inactive,Los Angeles,Night
297,Rachel Robinson,20,Male,IT,8316,2021-02-09,,5,Inactive,New York,Night
298,Brandon Atkinson,55,Female,Sales,2414,2020-11-02,3.0,4,Active,Chicago,Night
299,Dawn Mclaughlin,45,Male,Sales,2330,2015-07-17,,17,Inactive,New York,Evening
300,Terry Smith,38,Female,Sales,9375,2022-12-23,,2,Inactive,New York,Morning
301,Alejandro Bennett,31,Female,HR,7039,2021-01-26,,18,Active,Chicago,Evening
302,Patricia Williams,26,Female,Sales,8385,2023-10-17,,15,Active,New York,Evening
303,Jose Sharp,31,Other,IT,3002,2018-09-02,1.0,9,Active,Los Angeles,Morning
304,Sarah Stark,27,Female,HR,6648,2019-02-04,,18,Inactive,Los Angeles,Evening
305,Mark Thomas,55,Male,Sales,7545,2017-10-30,,11,Inactive,New York,Night
306,Alexander Johnson,36,Other,Sales,7992,2024-04-20,2.0,7,Active,New York,Morning
307,Henry Harmon,57,Male,HR,9161,2022-08-02,,5,Inactive,Los Angeles,Morning
308,Nancy Jackson,63,Male,Sales,4979,2015-09-22,1.0,6,Inactive,Los Angeles,Morning
309,Taylor Walters,49,Other,HR,7149,2023-12-30,,3,Inactive,Chicago,Night
310,Abigail Rodriguez,33,Female,Sales,3636,2017-04-22,4.0,7,Active,Chicago,Morning
311,Dr. Susan Cook,51,Female,Sales,4572,2020-07-28,4.0,20,Inactive,Los Angeles,Night
312,John Jensen,58,Other,IT,3700,2023-04-17,,16,Active,New York,Night
313,Sean Barrett,26,Female,Sales,3495,2015-01-03,1.0,18,Active,Los Angeles,Night
314,Kenneth Brown,33,Male,Sales,4391,2020-05-03,5.0,6,Inactive,Los Angeles,Night
315,Samantha Clark DDS,45,Other,IT,3700,2016-02-28,3.0,2,Inactive,New York,Evening
316,Cynthia Cox,46,Other,IT,8499,2022-12-08,,4,Inactive,Los Angeles,Night
317,Jamie Gonzalez,43,Other,IT,7956,2023-06-14,,1,Active,Chicago,Evening
318,Joseph Thomas,63,Other,Sales,6741,2021-03-16,4.0,7,Active,Los Angeles,Night
319,Brent Montes,61,Female,Sales,7087,2024-09-27,2.0,11,Active,Los Angeles,Night
320,Elizabeth Dudley,58,Other,IT,6233,2024-04-30,1.0,1,Inactive,Los Angeles,Morning
321,Alexa Romero,22,Other,HR,7299,2019-10-26,2.0,6,Inactive,Chicago,Night
322,Jerry Smith,39,Male,Sales,7014,2018-04-03,,7,Inactive,New York,Morning
323,James Smith,53,Male,Sales,7727,2021-03-13,,16,Inactive,Los Angeles,Morning
324,Anthony Lam,46,Male,HR,8306,2024-11-14,5.0,15,Active,New York,Evening
325,Tom Diaz,61,Male,HR,3002,2023-12-05,,5,Inactive,Chicago,Morning
326,Vanessa Gill,26,Female,IT,2156,2021-12-16,,16,Inactive,Los Angeles,Morning
327,Robert Hensley,27,Female,IT,5280,2016-06-24,,19,Inactive,New York,Evening
328,Matthew Guerrero,22,Female,HR,7928,2021-05-11,3.0,1,Active,Los Angeles,Night
329,Jennifer Vargas,41,Other,IT,6164,2017-12-13,1.0,11,Inactive,Chicago,Morning
330,Taylor Lopez,32,Male,IT,5502,2021-04-13,4.0,9,Active,New York,Morning
331,Juan Dean,39,Male,HR,6830,2015-06-28,4.0,20,Inactive,New York,Evening
332,Karen Hayden,52,Male,Sales,5380,2020-04-23,,8,Active,Chicago,Evening
333,Heather Anderson,38,Female,Sales,6259,2016-06-13,4.0,5,Active,New York,Night
334,Austin Reyes,25,Female,IT,8301,2020-04-16,,14,Active,Los Angeles,Morning
335,Melissa Fisher,56,Male,HR,6496,2018-10-20,2.0,11,Active,Los Angeles,Night
336,Danny Allen,35,Male,HR,3656,2016-10-10,2.0,16,Inactive,New York,Night
337,Jose Costa,58,Other,IT,4908,2015-09-25,,18,Inactive,New York,Night
338,Michelle Brennan,60,Other,HR,9385,2024-09-29,2.0,15,Inactive,Chicago,Night
339,Amanda Conner,32,Female,IT,4750,2017-04-25,,8,Active,Los Angeles,Night
340,Christopher Jones,47,Other,IT,4528,2024-06-05,5.0,7,Active,Chicago,Morning
341,Tyrone Juarez,25,Other,IT,8628,2018-03-15,,12,Active,New York,Night
342,Chad Nelson,38,Male,HR,8438,2023-09-16,3.0,7,Inactive,Chicago,Morning
343,Zachary Gutierrez,45,Other,HR,3491,2019-06-03,,15,Inactive,New York,Night
344,Mark Mcbride,52,Male,IT,8000,2023-03-05,,7,Inactive,New York,Evening
345,Debra Mcdonald,25,Other,IT,3256,2023-11-25,,19,Inactive,Chicago,Morning
346,Luis Sanchez,56,Female,HR,2254,2017-10-31,5.0,8,Inactive,Chicago,Morning
347,David Durham,62,Female,HR,7803,2019-12-20,,8,Active,Los Angeles,Night
348,Claire Randall,59,Other,IT,2593,2016-07-29,2.0,14,Inactive,Los Angeles,Evening
349,Rebecca Stewart,42,Female,IT,2614,2015-10-13,,18,Inactive,Chicago,Evening
350,Ryan Cox,44,Male,IT,7895,2019-06-17,5.0,13,Active,Chicago,Evening
351,Andrew Fletcher,46,Other,HR,8006,2023-07-23,1.0,6,Inactive,Los Angeles,Morning
352,Nicole Sanchez,19,Female,IT,7335,2019-01-09,5.0,3,Inactive,Los Angeles,Morning
353,Paul Walters,39,Female,Sales,3353,2017-11-12,,15,Active,Los Angeles,Night
354,Melissa Johnson,30,Male,Sales,7252,2021-11-27,4.0,14,Active,New York,Morning
355,Karen Ramos,45,Female,HR,4213,2016-11-12,3.0,12,Inactive,Los Angeles,Night
356,Laura Castillo,41,Male,IT,2392,2024-03-15,1.0,20,Inactive,Chicago,Morning
357,James Anderson,55,Other,Sales,8344,2015-10-10,2.0,19,Active,Los Angeles,Evening
358,Andre Hall,61,Male,Sales,2928,2018-08-04,,15,Active,Los Angeles,Evening
359,Scott Hernandez,31,Female,IT,3830,2019-12-26,,5,Inactive,Los Angeles,Morning
360,Wendy Lee,63,Female,HR,6886,2018-12-30,2.0,18,Inactive,Los Angeles,Morning
361,Tony Ellison,20,Other,IT,4275,2022-08-26,,8,Active,New York,Evening
362,Samuel Irwin,51,Male,Sales,4503,2020-03-15,,5,Active,Chicago,Night
363,Mr. Timothy Mitchell DDS,29,Female,IT,7903,2018-01-22,,1,Active,New York,Night
364,Linda Wall,49,Other,HR,6590,2023-03-09,,15,Active,Los Angeles,Night
365,Mrs. Jacqueline Woodard MD,41,Female,Sales,5988,2016-02-03,5.0,2,Inactive,Chicago,Morning
366,Johnny Cook,52,Other,Sales,3504,2022-02-12,4.0,9,Inactive,Los Angeles,Morning
367,Miss Barbara Short,50,Female,Sales,7153,2024-08-07,,1,Inactive,New York,Night
368,Adam Lane,20,Other,HR,7485,2015-09-16,1.0,2,Active,Chicago,Morning
369,Natasha Spencer,23,Male,HR,7559,2022-04-09,,20,Active,New York,Night
370,Dawn Sanchez,49,Other,HR,5850,2020-10-11,,17,Inactive,New York,Morning
371,Robert Sims,28,Male,HR,4984,2023-12-21,,12,Inactive,Chicago,Evening
372,Allison Carroll,21,Female,IT,9474,2016-05-24,4.0,4,Inactive,Chicago,Evening
373,Dominic Gray,61,Other,HR,6231,2015-04-01,,15,Active,Chicago,Morning
374,Eric Hill,22,Male,HR,8147,2019-06-16,,17,Active,Los Angeles,Evening
375,Anthony Baldwin,42,Male,IT,9067,2017-03-15,5.0,5,Active,New York,Morning
376,Jeffrey Nguyen,58,Other,HR,2489,2018-03-20,2.0,1,Inactive,Chicago,Evening
377,Jonathon Mclaughlin,64,Female,Sales,5606,2015-08-05,5.0,19,Active,New York,Evening
378,John Anderson,63,Male,Sales,6013,2023-09-28,,10,Active,Chicago,Night
379,Amy Harvey,26,Female,Sales,3556,2021-11-06,,1,Active,Chicago,Night
380,Dustin Le,29,Male,Sales,9726,2015-04-13,1.0,2,Inactive,Chicago,Evening
381,Kenneth Davis,28,Male,HR,6610,2020-06-08,,12,Inactive,New York,Morning
382,David Marshall,43,Other,Sales,9269,2018-10-05,2.0,13,Inactive,Los Angeles,Evening
383,Kelly Norton,30,Female,IT,7241,2014-12-18,4.0,1,Inactive,New York,Morning
384,Wendy Taylor,28,Female,IT,7632,2020-05-16,5.0,12,Inactive,Los Angeles,Evening
385,Monica Baldwin,33,Female,Sales,7941,2017-08-24,,14,Active,Los Angeles,Night
386,Joseph Martin,61,Other,HR,8450,2023-11-17,,2,Inactive,New York,Evening
387,Omar Martinez,32,Male,IT,7537,2018-05-30,,10,Active,New York,Night
388,Corey Smith,27,Other,Sales,2593,2017-07-27,1.0,20,Active,New York,Evening
389,Maria Bowman,43,Other,IT,2355,2015-03-29,,5,Active,Chicago,Morning
390,Sandra Gill,40,Female,HR,2567,2016-08-24,,15,Active,Chicago,Evening
391,Chloe Newman,32,Other,Sales,8745,2019-08-01,5.0,13,Inactive,Los Angeles,Evening
392,Heather Jones,32,Female,HR,6309,2023-03-25,5.0,5,Active,Los Angeles,Evening
393,Natalie Chavez DDS,20,Other,IT,7431,2022-09-07,5.0,8,Inactive,New York,Night
394,Marilyn Baker,34,Female,IT,8079,2024-06-05,2.0,18,Active,Chicago,Morning
395,Robert Oliver,22,Male,HR,8844,2019-05-29,1.0,14,Active,New York,Morning
396,Mary Mcmillan,64,Male,IT,5850,2015-06-05,2.0,4,Active,New York,Morning
397,Carolyn Arnold,37,Male,HR,8104,2020-11-24,,20,Active,Los Angeles,Morning
398,Sarah Ruiz,57,Male,Sales,6316,2022-01-07,1.0,13,Active,New York,Morning
399,Christina Lewis,22,Female,HR,9294,2020-05-04,,11,Inactive,Chicago,Evening
400,Bradley Hernandez,63,Male,Sales,2418,2018-08-21,,7,Active,Los Angeles,Night
401,Allen Miller,35,Female,Sales,6638,2016-12-31,,13,Active,Chicago,Morning
402,Nathan Flores,52,Female,IT,4967,2019-10-25,1.0,3,Inactive,Los Angeles,Night
403,Briana Martin,59,Male,Sales,4496,2023-05-22,1.0,20,Inactive,New York,Night
404,David Clark,40,Female,IT,9276,2016-09-27,,12,Active,Chicago,Morning
405,Leroy Jones,20,Other,IT,6520,2021-05-25,,2,Active,Chicago,Morning
406,Heather Scott,57,Male,Sales,9505,2024-08-18,3.0,6,Inactive,New York,Night
407,Vanessa Mendoza,31,Other,IT,9268,2017-07-27,,5,Active,Chicago,Evening
408,George Weaver,22,Female,HR,7728,2017-09-24,2.0,17,Active,Los Angeles,Night
409,Doris Cooper,56,Female,IT,5092,2015-08-09,5.0,19,Inactive,Chicago,Evening
410,Bruce Anderson,51,Male,HR,6689,2023-05-21,3.0,18,Inactive,Los Angeles,Evening
411,Kimberly Reed,64,Male,Sales,4303,2015-08-14,,8,Inactive,Los Angeles,Morning
412,Tammy Allison,52,Female,Sales,3739,2016-06-29,5.0,5,Active,Los Angeles,Evening
413,Dale Mejia,27,Male,Sales,4777,2023-10-25,5.0,12,Active,Chicago,Morning
414,Jacob Kelley,41,Other,HR,7380,2023-10-25,,13,Active,Los Angeles,Morning
415,Matthew Hampton,37,Male,Sales,3524,2016-07-22,,12,Inactive,Los Angeles,Night
416,Brandon Smith,43,Female,IT,4117,2015-10-20,,5,Active,Los Angeles,Night
417,Cynthia Hall,51,Other,Sales,2370,2018-02-26,,5,Inactive,Chicago,Evening
418,Angel Fuller,39,Male,HR,3677,2015-08-04,,3,Active,New York,Evening
419,Sonia Davis,27,Male,HR,5837,2024-11-16,,14,Active,New York,Morning
420,Terry Gomez,64,Male,Sales,8406,2024-10-20,,7,Active,Chicago,Evening
421,Travis Brown,49,Female,HR,5735,2019-04-13,,4,Inactive,Chicago,Morning
422,Dylan Dixon,19,Female,IT,8798,2015-06-07,5.0,15,Active,Los Angeles,Evening
423,James Newton,30,Male,IT,5836,2023-03-05,,11,Active,New York,Evening
424,Antonio Shields,46,Male,HR,7729,2022-04-11,3.0,7,Inactive,Los Angeles,Night
425,Tricia Coleman,49,Male,Sales,4385,2019-08-14,,1,Inactive,Los Angeles,Morning
426,Ryan Munoz,45,Male,Sales,5367,2023-04-02,,13,Inactive,Los Angeles,Morning
427,Patricia Scott,52,Male,HR,2041,2022-11-22,1.0,8,Inactive,Chicago,Evening
428,Ashley Gonzales,41,Other,Sales,3720,2015-08-16,2.0,15,Inactive,Los Angeles,Morning
429,Vicki Carter,29,Other,Sales,7080,2015-09-12,4.0,4,Inactive,New York,Morning
430,Matthew Turner,62,Female,IT,4753,2020-06-13,,20,Active,Los Angeles,Morning
431,James Melton,46,Other,Sales,6746,2019-07-31,5.0,16,Inactive,Los Angeles,Night
432,Kayla Gregory,38,Male,Sales,7860,2023-01-25,3.0,8,Inactive,Los Angeles,Night
433,Bryan Medina,41,Other,HR,9516,2021-04-07,3.0,13,Inactive,New York,Evening
434,Cameron Harris,26,Female,HR,6763,2017-04-19,1.0,16,Active,Los Angeles,Morning
435,Richard Rich,27,Female,IT,7375,2023-01-31,2.0,16,Inactive,Los Angeles,Evening
436,Jason Robertson,37,Male,HR,5439,2016-06-23,2.0,14,Active,Chicago,Morning
437,Philip Huff,51,Male,HR,6877,2018-07-19,,4,Inactive,Chicago,Morning
438,Kristie Nelson,41,Other,IT,8618,2023-12-04,,6,Inactive,Los Angeles,Night
439,Mrs. Lisa Suarez,56,Male,IT,8236,2023-11-06,,2,Inactive,Los Angeles,Morning
440,Nicholas Wilson,60,Other,IT,7865,2015-09-08,2.0,8,Active,New York,Morning
441,Catherine Jordan,43,Female,Sales,4246,2019-06-12,,11,Active,Los Angeles,Evening
442,Michele Ruiz,53,Other,IT,5333,2023-01-05,,19,Active,New York,Evening
443,Kimberly Sparks,26,Other,Sales,9146,2024-07-29,3.0,3,Inactive,New York,Evening
444,Joseph Oconnor,65,Female,IT,6442,2019-01-19,4.0,14,Active,New York,Evening
445,Joseph Armstrong,48,Female,HR,4183,2020-10-03,4.0,6,Active,Chicago,Evening
446,Stephen Little,26,Other,Sales,4741,2021-10-30,,12,Inactive,New York,Morning
447,Melissa Clark,45,Female,HR,8888,2023-08-11,,13,Active,Chicago,Evening
448,Michelle Robertson,57,Female,HR,8958,2021-06-07,1.0,1,Active,Chicago,Morning
449,Nathan Rodriguez,29,Other,HR,8526,2021-12-08,,2,Inactive,Los Angeles,Morning
450,Marissa Hunt,40,Male,Sales,4566,2021-10-18,,2,Inactive,Chicago,Night
451,Steve Adams,63,Other,Sales,2663,2019-07-31,,16,Active,Los Angeles,Evening
452,Crystal Reyes,41,Female,Sales,3824,2018-10-20,,9,Active,New York,Morning
453,Lindsey Hall,23,Other,IT,2978,2022-05-17,2.0,5,Active,Chicago,Evening
454,Jay Clark,54,Other,IT,4395,2019-09-21,2.0,18,Inactive,Los Angeles,Evening
455,Michael Reeves,21,Female,HR,3294,2019-05-20,,13,Inactive,Chicago,Evening
456,Nicole Baxter,34,Other,IT,8946,2023-12-04,,14,Inactive,Chicago,Night
457,Cheryl Davila,55,Male,Sales,6737,2024-01-15,1.0,8,Inactive,Chicago,Morning
458,Emma Pratt,19,Other,IT,9946,2016-04-08,,17,Inactive,Los Angeles,Evening
459,Jennifer Nelson,44,Male,HR,7571,2017-07-22,3.0,7,Inactive,Chicago,Night
460,William Garrett,25,Male,Sales,8957,2022-10-15,,18,Inactive,New York,Evening
461,Jose Allen,27,Female,HR,9861,2015-04-05,3.0,10,Active,Chicago,Morning
462,Anne Hernandez,24,Male,HR,5998,2017-02-22,,1,Inactive,New York,Night
463,Christopher Stevens,57,Other,Sales,2495,2024-01-30,,9,Active,New York,Night
464,Alex Gordon,35,Male,Sales,5070,2022-08-10,,7,Inactive,Chicago,Night
465,Justin Thornton,35,Female,IT,6622,2020-01-09,,19,Active,Chicago,Night
466,Jeremy Perez,21,Male,IT,6980,2018-03-14,,1,Active,Los Angeles,Morning
467,Janet Carpenter,65,Other,Sales,7570,2024-08-04,5.0,5,Inactive,Los Angeles,Morning
468,Kimberly Brown,47,Other,HR,4781,2021-12-11,2.0,18,Inactive,Chicago,Night
469,Luis Shaw,29,Female,IT,4297,2023-12-02,4.0,10,Active,Chicago,Evening
470,Amanda Smith,65,Male,IT,5765,2016-12-16,3.0,9,Inactive,Los Angeles,Morning
471,Stephanie Jackson,44,Other,IT,6741,2015-06-19,,10,Active,Los Angeles,Evening
472,Matthew Thomas,65,Other,IT,5473,2020-10-22,,13,Active,New York,Evening
473,Faith Morris,18,Other,IT,4923,2021-05-09,1.0,8,Inactive,Chicago,Morning
474,David Potter,56,Male,IT,2016,2020-07-13,,18,Active,New York,Morning
475,Kimberly Lang,65,Female,Sales,3820,2024-02-03,4.0,2,Active,Chicago,Night
476,Alicia Malone,56,Female,Sales,2646,2018-01-12,,12,Inactive,Los Angeles,Evening
477,Gregory Sparks,20,Female,IT,3225,2023-08-20,1.0,1,Inactive,Los Angeles,Morning
478,Mary Arias,19,Male,Sales,8893,2024-11-14,,7,Active,Chicago,Evening
479,Jeffrey Robles,28,Male,Sales,8039,2024-07-04,,8,Active,Chicago,Evening
480,Jay Scott,28,Other,HR,5496,2015-01-21,,18,Active,Chicago,Night
481,Brandon Flores,41,Female,Sales,4368,2023-11-10,4.0,11,Inactive,Los Angeles,Morning
482,Donna King,28,Male,IT,6725,2016-08-02,5.0,16,Active,Chicago,Night
483,Curtis Barrett,29,Female,Sales,5215,2021-09-08,,6,Inactive,Chicago,Evening
484,Jason Hayden,43,Female,IT,3929,2017-02-26,1.0,17,Active,Chicago,Evening
485,Patricia Washington,27,Male,IT,6050,2017-11-05,5.0,15,Active,Chicago,Night
486,Chelsea Owens,64,Male,IT,8514,2021-05-21,2.0,8,Active,New York,Morning
487,Kayla Garcia,44,Female,Sales,6034,2020-05-27,,9,Inactive,New York,Night
488,Lisa Torres,36,Male,HR,5608,2020-06-21,1.0,9,Inactive,New York,Evening
489,Madison Smith,26,Male,IT,5993,2024-08-30,2.0,17,Inactive,New York,Morning
490,Molly Choi,55,Other,Sales,5001,2016-11-07,4.0,7,Active,Chicago,Evening
491,Kristy Phillips,22,Other,Sales,5217,2019-05-17,,12,Active,Chicago,Evening
492,Dr. Jacob Castaneda DVM,53,Other,Sales,9181,2024-02-17,5.0,1,Inactive,Los Angeles,Morning
493,Dr. Thomas Brown,42,Other,HR,2106,2017-02-10,2.0,9,Active,Chicago,Night
494,Michael Torres,23,Female,HR,6730,2024-05-12,,18,Inactive,New York,Night
495,Scott Fleming,51,Female,HR,2700,2018-12-04,,12,Inactive,Chicago,Morning
496,Patrick Martin,50,Other,Sales,8594,2021-10-30,5.0,9,Inactive,Chicago,Night
497,Brittany Martinez,30,Other,Sales,3558,2020-10-16,,18,Inactive,New York,Night
498,Lori Thomas,52,Male,IT,7471,2023-03-14,,9,Inactive,New York,Evening
499,Paul Mccullough,62,Other,IT,6359,2021-01-12,2.0,15,Active,Los Angeles,Evening
500,Bruce Rodriguez,62,Male,IT,9773,2019-09-23,,19,Inactive,Los Angeles,Night
501,Kristi Stevens,22,Male,HR,6558,2021-10-30,1.0,14,Active,Chicago,Night
502,Christina Hayes,32,Male,Sales,7401,2020-07-28,,8,Active,Los Angeles,Evening
503,Dawn Choi,28,Female,IT,8308,2018-10-21,5.0,18,Active,Los Angeles,Night
504,Zachary Bowen,25,Male,Sales,2712,2016-05-28,,10,Active,Chicago,Morning
505,Crystal Lee,64,Male,HR,3934,2022-07-09,5.0,20,Inactive,Los Angeles,Night
506,Dr. Justin Vega,50,Female,HR,3135,2020-03-20,,17,Inactive,Los Angeles,Night
507,Bradley Riley,62,Other,IT,3980,2024-01-09,,9,Active,New York,Morning
508,George Mcpherson,35,Male,HR,8602,2018-10-30,2.0,17,Inactive,New York,Morning
509,Erica Garcia,32,Female,IT,3726,2021-10-11,,4,Active,Chicago,Night
510,Christopher Black,62,Female,HR,3278,2021-08-29,5.0,10,Inactive,Los Angeles,Evening
511,Charles Smith,24,Female,IT,5716,2019-12-13,5.0,15,Active,Chicago,Night
512,Ellen Wright,56,Male,HR,7339,2023-01-06,,1,Active,New York,Evening
513,Ryan Hess,41,Male,HR,3067,2023-12-06,2.0,19,Active,Los Angeles,Evening
514,Miss Alyssa Perez DDS,59,Other,HR,8297,2015-10-13,4.0,1,Inactive,Los Angeles,Morning
515,Taylor Williamson,48,Male,HR,9293,2015-03-10,,17,Inactive,Chicago,Night
516,Megan Sullivan,42,Female,IT,4243,2023-05-24,3.0,2,Active,Los Angeles,Evening
517,Christina Lowe,35,Female,Sales,9630,2018-07-03,,1,Active,Los Angeles,Night
518,Anthony Sanchez DVM,37,Other,IT,9844,2020-11-28,,4,Active,Los Angeles,Morning
519,Kyle Strong,46,Female,HR,6688,2019-05-06,,16,Active,New York,Night
520,Omar Thomas,60,Male,Sales,2949,2015-11-12,2.0,18,Inactive,Chicago,Morning
521,Angela Jimenez,44,Other,HR,2246,2016-05-02,2.0,6,Inactive,New York,Evening
522,Rebecca Stone,18,Female,HR,2302,2024-01-08,,6,Active,New York,Night
523,Kyle Smith,37,Male,IT,8961,2020-09-04,1.0,1,Inactive,Chicago,Evening
524,Gwendolyn Ray,36,Female,Sales,3619,2021-06-08,3.0,7,Inactive,New York,Evening
525,Stephen Wilcox,19,Other,HR,8100,2019-02-06,1.0,4,Active,Chicago,Night
526,Ashley Barber,55,Male,IT,3072,2022-08-26,,16,Inactive,New York,Night
527,Brittany Holt,55,Male,IT,2247,2018-02-18,4.0,19,Inactive,New York,Morning
528,Amber Rodriguez,18,Male,Sales,4941,2022-12-11,5.0,19,Active,Los Angeles,Morning
529,Anne Roberts,44,Male,Sales,6936,2016-11-20,2.0,2,Active,Chicago,Evening
530,Katie Vega,40,Female,HR,7002,2019-08-06,2.0,20,Active,Los Angeles,Night
531,Gabriel Weber,32,Male,HR,2759,2016-05-10,5.0,7,Inactive,Los Angeles,Evening
532,Jeffrey Williamson,54,Other,IT,9988,2015-12-08,,16,Inactive,Chicago,Evening
533,Jason Juarez,61,Other,Sales,2646,2019-03-25,,17,Inactive,Los Angeles,Morning
534,Toni Hall,53,Other,HR,3093,2016-10-23,3.0,7,Active,New York,Night
535,Ryan Ramos,28,Female,Sales,4004,2016-10-22,,10,Active,Chicago,Morning
536,Thomas Stuart,30,Male,HR,4615,2022-01-07,,11,Inactive,Los Angeles,Evening
537,Joseph Adams,31,Female,Sales,3299,2018-02-28,,10,Inactive,New York,Night
538,Kimberly Burke,20,Male,IT,2492,2016-09-25,,3,Inactive,Los Angeles,Morning
539,Brandon Church,38,Male,HR,8388,2021-08-02,1.0,20,Inactive,Chicago,Morning
540,Jonathan Reed,39,Female,IT,9823,2019-04-02,,1,Active,Chicago,Night
541,Julie Turner,53,Female,HR,6092,2021-09-01,,16,Active,New York,Evening
542,Joseph Vargas,46,Female,Sales,5594,2016-09-05,,3,Active,Chicago,Evening
543,Michael Parker,37,Other,HR,6468,2018-11-17,,13,Inactive,Los Angeles,Evening
544,Erin Cunningham,63,Other,HR,9838,2015-06-10,5.0,20,Active,Los Angeles,Morning
545,Elizabeth Watson,47,Female,HR,2766,2018-10-11,,20,Inactive,Los Angeles,Night
546,Tara Mccoy,31,Male,IT,8103,2020-05-23,5.0,4,Active,Chicago,Night
547,Louis Larsen,24,Male,Sales,8608,2018-10-30,,20,Inactive,Los Angeles,Night
548,Tara Waller,50,Other,IT,3902,2020-10-21,,5,Inactive,Los Angeles,Evening
549,Morgan Thompson,32,Other,HR,7206,2018-01-11,,9,Inactive,New York,Night
550,Jason Greene,26,Male,Sales,5184,2018-12-09,,11,Active,Chicago,Evening
551,Patricia Terry,50,Male,Sales,3609,2020-01-30,,3,Inactive,Los Angeles,Evening
552,Melissa Erickson,48,Other,IT,2152,2020-07-04,,11,Active,Los Angeles,Morning
553,Amanda Griffith,26,Male,Sales,9704,2019-05-30,,9,Active,New York,Evening
554,Leslie Walker,20,Other,IT,2061,2024-09-05,3.0,14,Inactive,Chicago,Morning
555,Johnny Dalton,28,Other,HR,2673,2023-10-05,,17,Inactive,New York,Night
556,Crystal Kidd,29,Female,HR,8220,2019-11-20,5.0,11,Active,Los Angeles,Morning
557,Kristina Phillips,24,Male,IT,7887,2018-01-22,,14,Active,Chicago,Night
558,Michaela Rivera,28,Male,HR,9163,2018-10-05,2.0,12,Active,Los Angeles,Morning
559,Tammy Mcpherson,63,Female,Sales,2640,2020-10-24,,3,Active,New York,Morning
560,Carrie Thomas,39,Female,Sales,2831,2022-03-22,4.0,8,Active,Los Angeles,Evening
561,Kimberly Davis,52,Female,HR,7404,2024-01-06,4.0,15,Inactive,New York,Morning
562,Pamela Levine,37,Female,HR,8201,2017-11-13,2.0,16,Inactive,Chicago,Morning
563,Beverly Logan,51,Female,HR,9646,2021-08-08,,18,Inactive,Chicago,Evening
564,Pamela Ellison,23,Female,HR,7551,2018-10-18,,13,Inactive,New York,Night
565,Kathleen Ross,50,Male,IT,8941,2018-09-12,2.0,11,Active,New York,Morning
566,Erica Jones,46,Female,Sales,3768,2022-10-19,1.0,4,Inactive,Chicago,Night
567,Adam Thomas,32,Female,HR,9370,2021-05-08,4.0,20,Inactive,New York,Night
568,Courtney Lucas,20,Other,Sales,7155,2015-11-17,,1,Inactive,Los Angeles,Night
569,Kimberly Montgomery,55,Female,Sales,6345,2019-03-06,,2,Active,Los Angeles,Evening
570,Paul Smith,35,Other,IT,2042,2016-12-22,,4,Active,New York,Evening
571,Tamara Harding,18,Other,HR,2392,2017-03-08,,20,Active,Los Angeles,Evening
572,Suzanne Miller,41,Other,Sales,4208,2023-02-26,4.0,5,Inactive,Chicago,Evening
573,Laura Harvey,22,Male,IT,3141,2024-02-06,,19,Inactive,New York,Night
574,Patrick Rodriguez,38,Male,IT,3532,2018-11-18,,1,Active,New York,Morning
575,Sabrina Davis,27,Other,HR,3247,2021-09-22,4.0,11,Active,Chicago,Morning
576,Eric Smith,34,Male,HR,5168,2023-12-15,1.0,14,Inactive,New York,Evening
577,Chad Kennedy,49,Male,Sales,7111,2022-03-15,5.0,18,Active,Chicago,Night
578,Denise Lindsey,28,Other,IT,4002,2015-03-25,2.0,12,Active,New York,Evening
579,Dawn Fuller MD,18,Other,HR,8824,2015-11-03,5.0,11,Inactive,New York,Morning
580,Mark Santiago,32,Male,HR,3736,2018-09-26,3.0,17,Active,New York,Evening
581,Jennifer Stewart,32,Female,HR,9772,2021-05-05,1.0,8,Inactive,Los Angeles,Night
582,Sara Harris,35,Other,IT,3433,2024-03-07,,11,Active,New York,Evening
583,Nicholas Anderson,60,Male,Sales,3154,2016-02-13,,12,Inactive,New York,Night
584,Robin Williams,19,Other,HR,6531,2018-11-01,2.0,10,Inactive,Los Angeles,Morning
585,Angela Bell,62,Female,Sales,2844,2015-04-11,5.0,10,Active,New York,Evening
586,Alexander Mitchell,24,Other,HR,2401,2020-01-21,2.0,19,Inactive,New York,Night
587,Leslie Harmon,47,Male,IT,5440,2016-09-19,,11,Inactive,New York,Evening
588,Krystal Rice,42,Other,HR,9390,2021-08-05,5.0,13,Inactive,New York,Morning
589,Mr. Gary Ramos,64,Other,Sales,7293,2022-12-05,2.0,4,Inactive,Los Angeles,Night
590,Meghan Beck,18,Female,HR,7088,2020-11-05,,7,Active,Los Angeles,Night
591,Nancy Vincent,38,Other,HR,7948,2020-09-06,,18,Inactive,Los Angeles,Morning
592,Jonathan Rangel,49,Other,Sales,9323,2021-01-19,,18,Inactive,Chicago,Evening
593,Laura Smith,47,Female,Sales,7876,2019-04-30,2.0,1,Active,Los Angeles,Morning
594,Amber Mason,28,Other,HR,8165,2020-12-27,,4,Active,Chicago,Evening
595,Michelle Smith,35,Other,Sales,9906,2018-12-18,,9,Active,Los Angeles,Evening
596,Megan Barry,53,Female,Sales,8742,2019-04-05,,16,Inactive,Los Angeles,Evening
597,Kathy Clark,55,Female,IT,4040,2015-05-23,2.0,19,Inactive,New York,Morning
598,Brenda Torres,20,Male,HR,2256,2020-04-10,,9,Active,New York,Evening
599,James Rose,58,Female,HR,2593,2019-08-01,,11,Inactive,Chicago,Night
600,Stephen Weber,20,Male,HR,7375,2016-02-15,5.0,2,Active,Chicago,Night
601,Jason Hess,30,Female,IT,7847,2024-04-04,3.0,10,Inactive,New York,Morning
602,Connie Collins,52,Male,Sales,6509,2021-05-07,1.0,1,Active,Chicago,Morning
603,Melissa Evans,37,Female,HR,4680,2020-11-22,2.0,13,Inactive,Los Angeles,Evening
604,Thomas Martinez,50,Male,HR,7767,2021-03-24,1.0,3,Inactive,New York,Morning
605,Erin Phillips,65,Female,Sales,8054,2022-01-04,2.0,9,Active,New York,Night
606,Stephanie Lopez,36,Female,IT,5765,2023-08-31,1.0,17,Inactive,New York,Night
607,Christopher Knapp,54,Male,HR,5240,2016-07-13,,12,Inactive,New York,Evening
608,Shelly Russo,48,Female,Sales,3845,2015-09-14,4.0,13,Active,Chicago,Night
609,Kimberly Galvan,55,Male,HR,8646,2018-03-24,2.0,14,Inactive,New York,Night
610,Renee Burnett,62,Male,Sales,4160,2021-08-25,3.0,12,Active,Chicago,Night
611,Kerry Simon,50,Male,Sales,6272,2018-01-19,,1,Active,New York,Night
612,Alfred Barr,31,Female,Sales,4654,2020-05-01,,7,Inactive,Chicago,Morning
613,Kelsey Hines,64,Other,IT,9282,2016-10-06,,20,Active,New York,Evening
614,Elizabeth Dudley,64,Other,HR,5152,2019-05-05,,15,Active,New York,Night
615,Kimberly Dunlap,53,Male,HR,4213,2018-06-21,,1,Active,Los Angeles,Morning
616,David Pena,59,Male,IT,3105,2017-07-09,3.0,9,Active,Los Angeles,Night
617,Sarah Castro,19,Other,IT,6934,2019-10-20,4.0,8,Inactive,Los Angeles,Evening
618,Tiffany Richardson,36,Other,IT,9775,2018-11-24,4.0,5,Active,Los Angeles,Night
619,Terry Burch,63,Male,IT,5417,2019-12-05,2.0,11,Active,Los Angeles,Evening
620,Jason Davis,31,Female,IT,6675,2017-10-21,,9,Active,New York,Night
621,Henry Bennett,51,Other,Sales,5740,2023-09-29,,17,Active,Los Angeles,Evening
622,John Rodriguez,42,Female,IT,4781,2023-01-20,,4,Inactive,Los Angeles,Night
623,Joseph Smith,26,Male,Sales,8377,2022-06-23,2.0,7,Active,Chicago,Morning
624,Anthony Miller,64,Other,Sales,8635,2020-06-09,,20,Inactive,New York,Evening
625,Jennifer Clark,64,Male,IT,4232,2023-05-21,2.0,10,Active,New York,Night
626,Douglas Martin,23,Female,HR,7218,2017-01-17,1.0,19,Inactive,New York,Night
627,Brenda Carter,36,Male,IT,9295,2020-03-04,,7,Inactive,Chicago,Evening
628,Terri Foster,20,Male,HR,6165,2017-12-22,,9,Active,New York,Morning
629,Brenda Lang,23,Male,HR,3790,2024-08-01,2.0,13,Active,New York,Morning
630,Patricia Scott,52,Other,Sales,9364,2019-11-05,,5,Active,New York,Evening
631,Melissa Vega,21,Female,Sales,5970,2016-11-09,,6,Active,Los Angeles,Evening
632,Taylor Thompson,23,Other,HR,7974,2018-07-26,,14,Inactive,New York,Morning
633,Tina Welch,21,Other,HR,7343,2019-02-01,,7,Inactive,Los Angeles,Morning
634,Heather Arias,21,Female,Sales,3913,2017-11-23,,9,Active,New York,Evening
635,Ralph Newman,65,Other,IT,4565,2022-04-10,3.0,2,Active,New York,Night
636,Stacy Bell,37,Female,Sales,3622,2017-02-10,,15,Active,Los Angeles,Evening
637,Tyler Miller,54,Female,IT,5589,2021-08-18,,10,Inactive,Los Angeles,Evening
638,Valerie Lee,51,Other,HR,2218,2023-02-10,,5,Inactive,Chicago,Evening
639,Jimmy Wade,19,Male,Sales,2277,2019-10-21,1.0,4,Active,Los Angeles,Night
640,Carlos Mcmillan,24,Other,IT,8973,2016-03-18,,4,Inactive,Los Angeles,Morning
641,Laurie Mata,51,Other,HR,3779,2021-11-27,5.0,20,Inactive,Chicago,Night
642,Brianna Phelps,37,Male,Sales,6354,2021-12-03,,9,Active,Los Angeles,Night
643,Heather Henry,45,Female,IT,7756,2018-07-05,3.0,5,Inactive,Los Angeles,Night
644,Rebecca Avery,40,Female,HR,6918,2019-02-03,5.0,1,Active,Los Angeles,Night
645,Anthony Blankenship,33,Other,IT,9323,2017-10-16,,10,Active,Chicago,Morning
646,Alice Martin,37,Male,HR,2899,2021-02-10,2.0,4,Inactive,Chicago,Night
647,Phillip Nelson,28,Other,Sales,8643,2019-04-23,1.0,11,Active,Chicago,Morning
648,Emily Martin,58,Male,Sales,4038,2020-09-06,3.0,13,Active,Los Angeles,Evening
649,Monica Blake,19,Other,Sales,8687,2016-11-19,,9,Active,New York,Morning
650,Rebecca Carter,36,Female,IT,6907,2015-04-28,,6,Inactive,Chicago,Morning
651,Jason Warren,57,Female,HR,2850,2019-10-24,,1,Active,Los Angeles,Evening
652,Julian Maxwell,47,Female,IT,3343,2022-01-26,,1,Inactive,Los Angeles,Night
653,Mrs. Kimberly Day MD,61,Male,HR,5508,2016-04-06,5.0,5,Active,Los Angeles,Night
654,Rachel Roman,19,Male,Sales,3896,2023-09-21,3.0,12,Inactive,Los Angeles,Night
655,Elizabeth Johnston,59,Other,HR,5042,2018-04-18,2.0,13,Inactive,Chicago,Night
656,Sabrina Norris,55,Female,Sales,8505,2022-12-23,,9,Inactive,New York,Morning
657,Brandi Harvey,40,Other,HR,4393,2020-12-21,,7,Active,Chicago,Night
658,Hayden Parsons,28,Other,Sales,3453,2017-05-01,,13,Inactive,Chicago,Night
659,Gregory Marshall,20,Male,HR,3500,2020-08-11,,20,Active,New York,Morning
660,Eric Bailey,65,Female,HR,5816,2021-06-24,4.0,9,Active,Chicago,Evening
661,Dawn Coleman,48,Female,HR,8150,2017-03-30,,3,Active,New York,Night
662,Alex Jones,47,Male,Sales,7270,2022-12-11,1.0,3,Inactive,Chicago,Night
663,Bobby Tanner,28,Other,HR,6861,2023-02-10,1.0,12,Inactive,Chicago,Night
664,Jeffrey Stephens,51,Other,IT,6903,2020-06-10,,9,Active,Chicago,Night
665,Brenda Mendoza,43,Female,Sales,9053,2024-02-20,1.0,9,Active,New York,Evening
666,John Adkins,43,Other,Sales,6853,2017-08-28,,10,Inactive,New York,Night
667,James Diaz,23,Female,IT,4156,2015-11-05,,17,Inactive,New York,Evening
668,Leslie Velez,29,Male,IT,8335,2020-01-02,,17,Inactive,Chicago,Morning
669,Michael Lee,23,Male,Sales,8898,2020-04-09,1.0,15,Active,New York,Night
670,Lindsey Davis,31,Female,Sales,6174,2015-07-05,,3,Inactive,New York,Evening
671,Sara Brewer,62,Other,HR,7445,2017-05-04,2.0,19,Inactive,Chicago,Morning
672,Seth Brown,28,Other,IT,3478,2020-05-03,3.0,16,Inactive,Los Angeles,Night
673,Stanley White,35,Female,IT,4196,2022-11-05,5.0,6,Inactive,New York,Morning
674,Mrs. Theresa Wilson,20,Female,Sales,2372,2018-10-13,4.0,8,Active,Chicago,Morning
675,John Freeman,60,Male,HR,3436,2021-10-22,1.0,10,Active,Los Angeles,Night
676,Charles Nichols,59,Other,Sales,8057,2020-08-27,,6,Active,New York,Evening
677,Cory Roth,40,Other,IT,5765,2016-09-16,,18,Inactive,New York,Evening
678,Michelle Durham,35,Male,HR,5900,2015-04-25,,12,Active,Chicago,Evening
679,Manuel Lewis,42,Female,IT,8696,2023-12-09,,11,Inactive,New York,Morning
680,Jeremy Garcia,58,Female,HR,2477,2024-10-08,,4,Active,New York,Morning
681,Christy Jordan,19,Female,IT,6725,2022-10-25,3.0,6,Active,Chicago,Morning
682,Colleen Jones,29,Other,Sales,7514,2022-07-26,1.0,8,Inactive,New York,Night
683,Zachary Brown,21,Other,Sales,4750,2020-03-10,2.0,8,Inactive,New York,Morning
684,Jill Stanton,48,Male,HR,5309,2023-03-29,1.0,5,Active,New York,Morning
685,Kristen Jackson,50,Female,IT,9782,2015-04-20,,9,Inactive,Chicago,Night
686,Jillian Ramos,27,Other,HR,6589,2016-10-16,,3,Inactive,New York,Evening
687,Angel Henry,20,Male,Sales,4483,2016-07-29,2.0,19,Active,New York,Night
688,Brandon Martin,20,Female,IT,9044,2021-10-08,,7,Active,Los Angeles,Morning
689,Natalie Byrd,29,Male,HR,3504,2016-07-05,,10,Active,Chicago,Evening
690,Samuel Rivera,35,Female,HR,5531,2017-01-13,,7,Active,Chicago,Morning
691,Dr. Danny Mccann,60,Other,IT,4255,2021-09-12,,17,Active,New York,Evening
692,Jim Scott,47,Male,Sales,2145,2021-08-23,,10,Active,Chicago,Night
693,Molly Harris,63,Male,IT,7897,2024-08-20,,20,Active,New York,Evening
694,Edward Smith,61,Other,IT,3742,2017-08-17,,16,Active,New York,Evening
695,Jessica Lopez,50,Female,HR,4721,2024-11-08,5.0,16,Active,Los Angeles,Evening
696,Cynthia Melton,62,Other,HR,2873,2019-09-18,3.0,1,Inactive,Chicago,Morning
697,John Smith,61,Female,IT,3398,2019-10-15,,4,Inactive,Chicago,Night
698,Carl Armstrong,22,Male,IT,4927,2016-05-13,5.0,20,Active,Los Angeles,Evening
699,Ashley Garcia,48,Other,Sales,2106,2020-02-28,2.0,3,Active,Chicago,Night
700,David Pierce,39,Female,IT,7614,2021-03-22,,10,Active,New York,Evening
701,Jerry Thompson,44,Female,IT,8634,2021-02-28,,3,Inactive,New York,Evening
702,Lisa Ramirez,43,Female,IT,4925,2016-05-25,,3,Active,New York,Evening
703,Rhonda Salinas,53,Male,HR,5273,2021-07-27,1.0,4,Inactive,New York,Night
704,Cheryl Chambers,42,Other,IT,9621,2018-11-18,2.0,16,Active,Los Angeles,Night
705,Mr. Micheal Henry,39,Male,IT,7371,2017-02-02,1.0,4,Inactive,Chicago,Night
706,Raymond Nelson,28,Female,Sales,7873,2022-09-10,3.0,2,Active,Chicago,Night
707,Angela Roberts,42,Male,IT,9871,2018-07-09,,5,Inactive,Los Angeles,Morning
708,Megan Lamb,51,Female,Sales,4164,2020-09-11,3.0,8,Inactive,New York,Morning
709,Brian Owens,23,Male,HR,5648,2020-07-05,,19,Active,New York,Morning
710,Jacob Woods,54,Female,IT,9592,2020-06-03,,1,Active,New York,Night
711,Ellen Barker,57,Female,IT,2096,2016-10-02,5.0,1,Inactive,New York,Night
712,Dana Garcia,40,Female,IT,4386,2024-04-22,1.0,19,Inactive,Chicago,Night
713,Howard Key,47,Male,HR,7123,2019-04-04,,11,Active,New York,Night
714,Melissa Wallace,41,Female,IT,3591,2015-09-22,2.0,18,Inactive,Los Angeles,Morning
715,Monique Davis,22,Female,IT,5449,2016-03-10,3.0,2,Inactive,Los Angeles,Evening
716,Mary Martinez,26,Other,Sales,4664,2023-12-15,,16,Inactive,Chicago,Evening
717,Jeff Johnson,20,Other,IT,7345,2014-12-11,,11,Inactive,New York,Morning
718,Douglas Ramirez,45,Male,Sales,7615,2021-04-27,,7,Inactive,Chicago,Evening
719,Amy Miller,27,Other,HR,6899,2017-09-04,5.0,3,Inactive,New York,Morning
720,Patrick Evans,60,Other,IT,5107,2017-11-27,5.0,4,Active,Chicago,Night
721,Shannon Jackson,49,Female,IT,5126,2015-07-24,4.0,13,Inactive,Los Angeles,Morning
722,Kelly Rios,60,Other,IT,2131,2015-06-17,4.0,19,Active,New York,Evening
723,Jill Buchanan,57,Male,HR,6974,2024-08-13,4.0,6,Active,Los Angeles,Evening
724,Keith Johnson,49,Male,IT,7298,2020-09-21,,18,Inactive,Los Angeles,Evening
725,Gregory Smith,36,Female,IT,4936,2022-04-13,,12,Active,Chicago,Evening
726,Joseph Klein,64,Other,Sales,2962,2019-04-16,,17,Inactive,Los Angeles,Night
727,David Gregory,36,Male,Sales,2321,2023-12-11,,1,Active,Chicago,Evening
728,Tammy Dixon,60,Male,HR,5312,2021-09-29,,8,Active,Los Angeles,Night
729,Linda Hawkins,60,Other,HR,4524,2015-06-05,3.0,3,Inactive,New York,Morning
730,Deborah Sanchez,65,Female,IT,9136,2020-07-05,,3,Inactive,Chicago,Morning
731,Melissa Carey,40,Female,IT,6352,2020-06-03,2.0,4,Active,Los Angeles,Morning
732,Corey Johnson,36,Male,HR,7378,2016-10-26,,2,Active,Chicago,Morning
733,Jay Evans,21,Male,HR,8147,2022-03-29,5.0,2,Inactive,Chicago,Morning
734,Kevin Green,44,Male,HR,5551,2021-09-13,3.0,17,Active,Chicago,Night
735,Rebecca Padilla,44,Female,Sales,2683,2018-09-30,3.0,3,Active,Los Angeles,Morning
736,Dave Romero,25,Male,IT,9392,2024-04-20,,17,Inactive,New York,Morning
737,David Mills,24,Female,HR,2727,2020-12-07,,1,Inactive,Chicago,Night
738,William Alexander,25,Female,Sales,2797,2021-03-26,2.0,17,Inactive,New York,Night
739,Mr. John Hill II,36,Female,Sales,2709,2021-09-07,,9,Inactive,Los Angeles,Night
740,John Foster,44,Other,IT,3062,2021-01-28,1.0,3,Active,New York,Night
741,Christy Berry,41,Female,Sales,8189,2016-10-12,,3,Active,Chicago,Morning
742,Jason Ortiz,25,Female,IT,3647,2020-10-18,2.0,19,Inactive,New York,Evening
743,Timothy Guzman,41,Female,Sales,9409,2023-09-17,,16,Inactive,New York,Morning
744,Manuel Ramirez,34,Female,Sales,2786,2017-07-27,1.0,6,Active,Los Angeles,Evening
745,Erik Rodriguez,51,Other,HR,2892,2016-10-06,,8,Active,Los Angeles,Night
746,Jo Richards,51,Male,Sales,8009,2020-12-14,,15,Inactive,Chicago,Night
747,Veronica Bennett,51,Other,IT,5497,2021-12-26,5.0,13,Inactive,Los Angeles,Morning
748,Zoe Camacho,58,Male,Sales,2451,2020-11-22,4.0,2,Active,New York,Night
749,Jennifer Cruz,54,Other,HR,9098,2022-09-05,,4,Inactive,Chicago,Morning
750,William Garza,36,Male,IT,2162,2019-05-22,,7,Active,New York,Morning
751,Matthew Anderson,45,Male,IT,2532,2021-05-25,3.0,7,Active,New York,Night
752,David Powell IV,40,Other,IT,8831,2021-01-27,5.0,8,Active,New York,Morning
753,Lynn Franco,53,Other,IT,8632,2020-12-27,,15,Inactive,Chicago,Morning
754,Kelly Sutton,28,Female,IT,9146,2022-10-16,5.0,13,Active,Chicago,Evening
755,Sheri Cortez,39,Male,HR,8348,2023-06-11,,19,Active,Chicago,Morning
756,Stanley Baker,28,Other,Sales,5009,2017-08-14,2.0,1,Active,Chicago,Evening
757,James James,38,Male,Sales,9666,2016-04-14,,15,Active,Los Angeles,Morning
758,Mr. Harry Allen,34,Other,Sales,3395,2015-05-31,3.0,4,Active,Los Angeles,Morning
759,Matthew Roberts,53,Male,Sales,9917,2017-07-07,1.0,16,Active,Los Angeles,Evening
760,Gary Lee,32,Other,IT,9626,2020-04-25,,16,Active,Los Angeles,Night
761,Taylor Dean,34,Female,Sales,4424,2021-08-22,5.0,19,Inactive,New York,Night
762,Madeline Contreras,19,Other,HR,9825,2018-11-16,4.0,5,Inactive,Los Angeles,Morning
763,Terri Ross,51,Female,IT,9654,2022-04-15,1.0,11,Active,Los Angeles,Night
764,Darrell Wall,30,Male,IT,6212,2021-05-05,4.0,15,Inactive,Chicago,Night
765,Roberta Haas,48,Male,HR,3927,2019-07-13,5.0,20,Inactive,Chicago,Evening
766,Steve Smith,42,Female,Sales,3414,2023-02-13,2.0,20,Inactive,Chicago,Evening
767,William Davis,62,Other,IT,4483,2021-06-01,,8,Active,Los Angeles,Morning
768,Paige Hayes,27,Female,Sales,6086,2016-06-05,2.0,1,Active,Chicago,Night
769,Julie Baird,26,Other,HR,6745,2024-10-10,,16,Active,Los Angeles,Evening
770,Isaac Shannon,19,Other,HR,6166,2020-10-12,,10,Active,New York,Night
771,Daniel Lee,64,Female,Sales,7841,2017-08-29,3.0,14,Active,Chicago,Night
772,Willie Miller,39,Female,Sales,4949,2022-08-27,5.0,7,Inactive,New York,Evening
773,Bryan Brown,45,Other,IT,8462,2019-03-12,3.0,2,Active,Los Angeles,Evening
774,Penny Jennings,30,Other,IT,9314,2016-11-08,,4,Active,Los Angeles,Morning
775,Christopher Swanson,62,Female,Sales,5349,2020-12-12,2.0,8,Inactive,Los Angeles,Evening
776,Emily Price,53,Male,HR,7659,2020-09-02,3.0,16,Active,Los Angeles,Evening
777,Rebecca Gonzalez,61,Male,Sales,7765,2018-03-22,2.0,16,Inactive,Los Angeles,Night
778,Danielle Garza,58,Other,IT,3703,2016-04-11,2.0,6,Inactive,Chicago,Night
779,David Nelson,39,Other,Sales,9653,2021-08-08,,19,Inactive,New York,Morning
780,Brian Phillips,37,Other,HR,2511,2022-07-02,,5,Inactive,Chicago,Morning
781,Anita Jones,44,Male,IT,6141,2017-05-15,3.0,1,Active,Los Angeles,Evening
782,Sheila Moore,18,Male,HR,2973,2019-05-29,,4,Active,Chicago,Morning
783,Alex Thompson,54,Female,HR,6145,2019-02-03,3.0,7,Inactive,New York,Evening
784,Danielle Gomez,46,Male,IT,5031,2018-06-16,,7,Active,New York,Morning
785,Alyssa Harris,49,Male,HR,4679,2022-11-27,,15,Active,Chicago,Morning
786,Steve Morton,20,Other,Sales,3265,2022-12-16,5.0,7,Active,Los Angeles,Evening
787,John Smith,19,Female,HR,4666,2016-06-01,,16,Inactive,Chicago,Evening
788,David Williams,33,Female,Sales,2078,2021-09-22,3.0,15,Inactive,New York,Night
789,Lauren Williams,27,Other,Sales,3153,2020-12-04,2.0,5,Active,New York,Morning
790,Carrie Butler,65,Male,Sales,3369,2016-03-09,,12,Inactive,Chicago,Evening
791,Matthew Hernandez,59,Other,IT,9265,2021-04-17,1.0,3,Active,Los Angeles,Evening
792,Lauren Richardson,35,Other,Sales,3717,2016-07-16,4.0,4,Inactive,Chicago,Evening
793,Olivia Butler,28,Female,IT,9518,2024-10-05,,9,Active,Los Angeles,Night
794,Carrie Clark,30,Female,HR,2912,2018-12-21,,11,Active,New York,Morning
795,Elizabeth Wolf,63,Female,Sales,5419,2016-08-17,,7,Inactive,New York,Night
796,Joanne Griffin,37,Male,IT,5423,2015-09-27,,18,Inactive,Chicago,Morning
797,Jacob Shannon,35,Other,Sales,9926,2016-09-04,,7,Active,Chicago,Night
798,Melanie Casey,44,Other,HR,4713,2017-10-09,5.0,2,Active,New York,Morning
799,Lori Gray,49,Female,IT,5690,2016-02-09,,20,Active,New York,Morning
800,Ann Mcdonald,52,Female,HR,7496,2019-05-27,3.0,6,Active,Los Angeles,Night
801,Jesse Wilson,22,Female,HR,8220,2023-02-24,,12,Inactive,New York,Evening
802,Cynthia Vasquez,52,Male,Sales,4721,2024-01-08,3.0,7,Active,Chicago,Night
803,Lawrence Smith,27,Male,HR,6247,2024-03-20,2.0,9,Active,Los Angeles,Morning
804,Jacob Aguilar,23,Male,IT,2372,2020-06-01,,1,Inactive,Chicago,Morning
805,Gerald Sharp,53,Other,HR,8136,2016-02-25,,6,Inactive,Chicago,Morning
806,Terri Richards,35,Female,Sales,5940,2023-12-17,,5,Inactive,Chicago,Evening
807,Elizabeth Vega,61,Female,HR,8381,2021-12-17,1.0,8,Inactive,New York,Night
808,Jeremy Cooper,58,Female,HR,3241,2023-09-16,2.0,6,Active,Chicago,Evening
809,Matthew Bonilla,44,Male,IT,9092,2018-06-11,2.0,20,Active,Chicago,Morning
810,Eric Montgomery,60,Female,HR,3710,2023-07-12,,19,Active,Los Angeles,Evening
811,Susan Gonzalez,62,Male,IT,7862,2018-10-20,,3,Inactive,New York,Evening
812,Jesse Miller,52,Male,HR,9993,2020-11-27,,12,Active,Chicago,Evening
813,Mr. Dustin Cross,65,Female,HR,4716,2017-02-23,5.0,17,Active,Los Angeles,Evening
814,Dr. Pamela Key,27,Female,Sales,7359,2018-09-06,,7,Active,New York,Night
815,Jennifer Ward,31,Female,IT,3565,2021-11-30,5.0,4,Active,New York,Night
816,Philip Henderson,31,Other,HR,6825,2023-06-04,2.0,12,Active,New York,Morning
817,Rachael Benson,64,Female,HR,5547,2023-03-28,,7,Inactive,New York,Night
818,Donald Warner,18,Female,HR,5520,2015-10-09,3.0,12,Inactive,Chicago,Night
819,Wayne Schneider,43,Other,Sales,5163,2022-11-30,,7,Inactive,Chicago,Morning
820,Amber Ward,54,Female,Sales,7880,2024-09-19,3.0,6,Active,New York,Night
821,Karen Washington,31,Male,Sales,8949,2018-10-21,,5,Inactive,New York,Morning
822,Shawn Wells,26,Other,HR,6872,2017-08-30,,15,Active,Chicago,Night
823,Michelle Jackson,52,Female,IT,5262,2017-09-16,,9,Inactive,Chicago,Morning
824,Jesse Mendoza,52,Other,IT,7966,2022-11-01,1.0,13,Inactive,New York,Night
825,Tracy Powers,65,Female,IT,3535,2020-05-08,,19,Active,New York,Morning
826,Sarah Sanders,54,Other,IT,9279,2021-03-24,,18,Inactive,New York,Morning
827,Maria Franklin,60,Male,IT,4635,2023-10-16,5.0,9,Inactive,New York,Night
828,Melanie Andersen,20,Other,IT,3716,2023-01-07,3.0,11,Inactive,Chicago,Night
829,Michael Snyder,55,Other,Sales,7497,2024-02-03,1.0,20,Inactive,New York,Morning
830,Kimberly Morris,50,Female,Sales,7236,2024-02-17,,12,Inactive,New York,Morning
831,Daniel Williamson,25,Male,IT,3612,2021-10-19,,15,Inactive,New York,Evening
832,Jared Webb,18,Male,IT,7530,2016-06-22,2.0,1,Inactive,New York,Morning
833,Susan Davis,54,Female,Sales,4232,2015-07-03,5.0,3,Active,Chicago,Morning
834,Michelle Wolfe,63,Male,Sales,6576,2016-01-08,,11,Active,Los Angeles,Evening
835,Keith Smith,53,Other,HR,4215,2022-11-19,1.0,9,Active,Los Angeles,Morning
836,Jonathan Rivera,47,Female,HR,4906,2019-06-08,2.0,8,Inactive,Chicago,Night
837,Bryan Walsh,42,Female,IT,7551,2018-04-11,5.0,10,Inactive,Chicago,Night
838,William Best,36,Other,HR,7188,2023-04-06,,18,Inactive,Chicago,Evening
839,Anne Estes,59,Female,Sales,2801,2015-04-07,2.0,9,Inactive,Los Angeles,Evening
840,Jeffrey Morton,22,Female,HR,7904,2024-01-30,2.0,10,Inactive,Chicago,Night
841,Jacqueline Evans,60,Other,HR,8240,2017-11-27,4.0,13,Inactive,New York,Night
842,Tammy Smith,30,Female,Sales,2087,2015-01-09,5.0,6,Inactive,Los Angeles,Morning
843,Sara King,36,Female,Sales,8775,2021-05-31,,3,Inactive,Los Angeles,Evening
844,Robert Goodman,21,Other,IT,9051,2021-03-26,5.0,20,Inactive,New York,Evening
845,Gerald Cooke,33,Other,Sales,9693,2017-08-29,,17,Inactive,New York,Morning
846,Natasha Harris,36,Male,HR,4316,2021-02-16,,17,Active,Chicago,Evening
847,Darryl Nolan,35,Male,HR,7435,2018-12-20,,19,Inactive,Chicago,Morning
848,Edward Wilkerson,55,Other,Sales,4560,2023-01-14,,20,Inactive,Chicago,Morning
849,Frank Gomez,55,Female,Sales,6659,2021-06-07,2.0,18,Inactive,Chicago,Night
850,Dr. Shawn Miranda,26,Male,HR,8255,2017-08-20,,2,Active,New York,Evening
851,Geoffrey Roberts,59,Other,IT,5937,2023-10-15,4.0,11,Inactive,Chicago,Night
852,Elizabeth Kramer,61,Other,Sales,7347,2017-10-23,5.0,8,Active,New York,Night
853,Robert Williams,60,Male,IT,6762,2017-07-22,3.0,2,Inactive,New York,Evening
854,Mr. Ryan Beck,61,Male,IT,5369,2024-03-21,1.0,7,Active,Los Angeles,Night
855,Amy Heath,54,Male,Sales,6897,2021-01-02,2.0,20,Active,Los Angeles,Evening
856,Zachary Cox,24,Other,IT,2499,2018-08-19,,8,Active,New York,Night
857,Nicholas Guerra,23,Male,HR,7314,2016-01-04,,17,Active,Los Angeles,Morning
858,Sarah Fletcher,41,Male,HR,9285,2023-04-11,3.0,19,Active,New York,Evening
859,Katelyn Jacobson,41,Other,Sales,7503,2018-08-30,,6,Active,New York,Morning
860,Jenna Marquez,28,Female,IT,8971,2016-03-21,,17,Inactive,New York,Night
861,Jennifer Smith,23,Other,HR,7176,2015-03-13,4.0,6,Active,Los Angeles,Evening
862,Daniel Duke,45,Male,HR,4808,2019-12-13,2.0,10,Active,Los Angeles,Evening
863,Dana Payne,28,Male,HR,8191,2022-02-10,,2,Active,New York,Morning
864,Miss Jessica Jones,39,Male,HR,2947,2021-10-04,,10,Inactive,Los Angeles,Evening
865,Jessica Garcia,47,Male,Sales,8619,2024-08-23,2.0,13,Active,Los Angeles,Night
866,Rachel Jones,19,Female,HR,5015,2021-07-26,5.0,8,Inactive,Los Angeles,Evening
867,Brent Mendoza,22,Male,Sales,5700,2021-09-15,5.0,16,Active,Chicago,Night
868,Daniel Malone,55,Female,Sales,3695,2016-06-08,1.0,6,Active,Chicago,Night
869,Nicholas Rodriguez,50,Other,Sales,4694,2021-05-25,5.0,10,Inactive,Chicago,Evening
870,Jerry Lopez,26,Male,Sales,2387,2019-05-20,,11,Inactive,Chicago,Morning
871,Nicole Cook,41,Female,HR,8495,2022-09-06,1.0,19,Inactive,Los Angeles,Night
872,Anthony Ferguson,41,Male,Sales,7556,2023-02-03,,16,Active,New York,Evening
873,Kimberly Miller,52,Male,Sales,5282,2022-10-22,4.0,5,Inactive,Los Angeles,Morning
874,Jennifer Clark,25,Female,HR,7713,2017-05-18,,20,Inactive,Chicago,Evening
875,Katherine Wong,34,Other,HR,6706,2018-10-15,,13,Active,Los Angeles,Evening
876,John Becker,29,Female,IT,3452,2022-11-29,,19,Inactive,Chicago,Night
877,Nicole Smith,50,Other,HR,8274,2023-11-06,,3,Active,New York,Evening
878,Megan Castillo,18,Other,Sales,5086,2022-06-05,,4,Inactive,Chicago,Morning
879,Ashley Alvarado,54,Other,IT,2937,2018-10-03,,13,Inactive,Los Angeles,Night
880,Sarah Thomas,54,Male,IT,6185,2016-10-29,,1,Active,New York,Evening
881,Mckenzie Moore,53,Male,HR,8758,2023-07-14,,5,Active,Chicago,Morning
882,Ryan James,41,Male,Sales,7686,2015-02-16,,13,Inactive,Los Angeles,Evening
883,Jaclyn Collins,47,Male,IT,2029,2019-12-05,,17,Active,Los Angeles,Morning
884,Jay Atkinson,51,Male,HR,7315,2024-10-02,,8,Active,Chicago,Evening
885,Whitney Chambers,65,Male,Sales,8456,2016-03-26,3.0,14,Active,New York,Evening
886,Dawn Gonzales,21,Male,HR,8766,2020-06-21,,10,Inactive,Los Angeles,Night
887,Christine Hooper,43,Female,IT,8772,2021-10-13,,6,Active,New York,Morning
888,Joel Anthony,52,Female,Sales,7588,2017-05-26,1.0,9,Inactive,Chicago,Night
889,Jodi Graves,32,Other,IT,9511,2022-05-23,,3,Inactive,Los Angeles,Evening
890,Vicki Taylor,48,Female,IT,6114,2021-08-04,1.0,1,Active,Chicago,Night
891,Johnathan Donaldson,37,Female,IT,7496,2020-02-18,5.0,7,Inactive,Chicago,Evening
892,Monica Parker,60,Male,Sales,8117,2020-04-13,1.0,7,Inactive,New York,Morning
893,Chelsea Hill,31,Male,HR,4345,2024-05-03,5.0,12,Active,Los Angeles,Night
894,Lance Davis,34,Other,Sales,7651,2019-01-27,3.0,2,Inactive,Chicago,Night
895,Ruth Randall,19,Male,IT,8059,2017-07-24,4.0,3,Active,Los Angeles,Night
896,Patricia Lee,56,Female,HR,3168,2016-04-02,1.0,6,Active,New York,Morning
897,Tyrone Elliott,36,Male,HR,6289,2016-03-27,1.0,12,Inactive,Chicago,Evening
898,Laura Montgomery,56,Female,Sales,4269,2020-06-15,,13,Active,Los Angeles,Morning
899,Tiffany Jordan,44,Male,Sales,9819,2022-07-15,,13,Active,New York,Morning
900,Richard Pearson,52,Other,IT,7473,2023-04-24,2.0,10,Active,Chicago,Morning
901,John Rogers,29,Male,HR,7568,2024-01-13,5.0,17,Active,Los Angeles,Evening
902,Andrea Bond,50,Other,HR,3312,2023-06-08,,4,Inactive,Los Angeles,Evening
903,Christina Henry,39,Female,HR,6644,2018-01-03,,7,Active,Chicago,Evening
904,Leslie Mason,42,Other,Sales,9658,2019-10-31,1.0,14,Inactive,New York,Evening
905,Daniel Stanley,22,Other,HR,7388,2016-09-07,4.0,13,Inactive,Chicago,Morning
906,Bradley Parker,36,Other,Sales,2371,2023-03-16,,5,Active,Los Angeles,Evening
907,Christina Carlson,42,Female,Sales,2015,2020-05-08,1.0,14,Inactive,Chicago,Evening
908,Kimberly Burke,59,Female,Sales,5628,2016-10-08,,4,Inactive,Chicago,Evening
909,Sara Martinez,34,Other,HR,9951,2024-02-18,,6,Inactive,New York,Night
910,Peter Hardy,38,Other,IT,5134,2022-12-04,5.0,14,Active,Chicago,Night
911,Kimberly Moses,49,Female,IT,6502,2022-05-28,3.0,1,Active,Los Angeles,Evening
912,Larry Fritz,29,Female,Sales,4999,2021-02-25,,16,Inactive,Los Angeles,Morning
913,Courtney Lopez,59,Female,Sales,4875,2015-01-18,,6,Active,Los Angeles,Evening
914,Megan Woods,56,Other,IT,5322,2022-10-10,,6,Active,Los Angeles,Evening
915,Benjamin Brown,31,Female,HR,3340,2016-12-19,,4,Inactive,Los Angeles,Morning
916,Matthew Cole,21,Female,HR,6900,2016-09-21,,10,Active,Chicago,Morning
917,Jose Powell,50,Male,IT,6907,2024-01-09,1.0,4,Active,Los Angeles,Night
918,Erin Walker,45,Female,HR,6585,2016-02-18,,9,Inactive,Los Angeles,Evening
919,Tammy Schneider,22,Other,IT,3625,2016-10-24,4.0,14,Active,Chicago,Morning
920,Cheryl Singh,56,Other,HR,9761,2020-05-14,,6,Inactive,Los Angeles,Evening
921,Vicki Hicks,29,Male,HR,4077,2015-10-25,1.0,3,Inactive,Chicago,Evening
922,Rachel Spencer,52,Other,IT,5090,2015-12-26,,9,Active,Los Angeles,Evening
923,Joseph Murillo,39,Male,HR,9553,2018-05-30,,15,Active,Los Angeles,Morning
924,Eric Collins,34,Other,Sales,6162,2018-04-30,3.0,10,Inactive,Chicago,Night
925,Richard Martin,38,Male,Sales,6578,2023-09-13,,1,Active,Chicago,Morning
926,John Thompson,48,Male,HR,7192,2016-12-05,,4,Inactive,Chicago,Night
927,Laura Stewart,55,Female,HR,6341,2023-07-31,,13,Inactive,New York,Morning
928,Jason Reed,23,Male,IT,3405,2016-01-11,,20,Inactive,Chicago,Night
929,Christopher Taylor,62,Female,IT,4876,2019-12-11,,18,Active,Chicago,Night
930,Nathaniel Castillo DDS,45,Other,HR,5730,2016-01-10,,19,Inactive,Los Angeles,Night
931,Stephanie Rodriguez,22,Other,HR,3681,2020-04-23,3.0,16,Active,New York,Night
932,Ronald Miller,20,Male,Sales,2850,2017-10-24,2.0,18,Active,New York,Night
933,Kristin Cole,50,Male,Sales,9616,2017-02-03,2.0,13,Inactive,Los Angeles,Night
934,Jeanette Mcbride,37,Male,IT,3364,2015-12-10,2.0,8,Active,Los Angeles,Evening
935,Christopher Krause,30,Male,IT,2735,2015-11-11,,16,Active,New York,Evening
936,Ryan Vazquez,62,Female,Sales,4369,2024-12-04,,17,Active,Chicago,Morning
937,Justin Turner,65,Other,HR,8129,2016-02-29,,10,Active,New York,Night
938,Gary Mitchell,52,Female,Sales,9963,2016-09-22,5.0,20,Inactive,Los Angeles,Morning
939,Andrea Odom,60,Female,Sales,8067,2023-12-03,,8,Inactive,New York,Evening
940,Joshua Murphy,57,Female,HR,8927,2024-07-22,,17,Active,Chicago,Night
941,Raymond Smith,49,Male,IT,7068,2019-05-22,,11,Active,Chicago,Morning
942,Elizabeth Middleton,38,Other,HR,8277,2020-09-05,4.0,9,Inactive,Los Angeles,Evening
943,Logan Peterson,60,Other,IT,2300,2017-02-17,,13,Active,New York,Morning
944,Tina Ramos,35,Male,IT,7251,2020-12-15,3.0,19,Active,Los Angeles,Evening
945,Mary Armstrong,29,Female,HR,9402,2017-12-13,,1,Active,New York,Night
946,Joel Tyler,49,Male,Sales,2940,2020-05-05,5.0,8,Inactive,New York,Night
947,Alex Walker,23,Male,IT,6916,2016-10-11,,10,Inactive,Los Angeles,Morning
948,Laura White,60,Other,IT,4595,2016-07-17,,6,Inactive,New York,Night
949,Kevin Bates,62,Other,HR,7389,2021-01-03,3.0,10,Active,Los Angeles,Evening
950,Dustin Carrillo,52,Other,Sales,5770,2016-06-20,1.0,10,Inactive,Los Angeles,Morning
951,Glenn Alexander,44,Male,IT,2389,2015-04-10,,15,Inactive,Chicago,Evening
952,Kevin Pearson,43,Female,IT,5833,2021-06-28,4.0,15,Active,Chicago,Night
953,Carmen Hurley,20,Male,HR,2786,2024-10-14,1.0,15,Active,Los Angeles,Morning
954,Ruth Osborne,53,Male,HR,5616,2022-07-31,4.0,16,Active,Los Angeles,Night
955,Gregory James,42,Other,Sales,4887,2020-08-28,3.0,13,Inactive,Chicago,Night
956,Erin Kelley,49,Other,Sales,3437,2019-08-19,,18,Inactive,Los Angeles,Night
957,Debra Knox,54,Other,Sales,6091,2018-01-22,2.0,12,Active,New York,Evening
958,Stacy Rogers,34,Other,Sales,6501,2023-10-25,,13,Active,Chicago,Night
959,Morgan Coleman,51,Female,HR,6415,2022-03-20,1.0,8,Inactive,New York,Evening
960,Alex Stuart,63,Other,HR,7490,2023-03-11,,16,Active,New York,Night
961,Charlene Nelson,63,Other,Sales,4954,2021-11-22,1.0,15,Inactive,New York,Night
962,Paula Moreno,21,Female,Sales,3896,2021-03-14,,7,Active,Chicago,Night
963,Matthew Rowe,65,Female,Sales,6788,2024-01-22,4.0,6,Active,New York,Evening
964,John Jordan,35,Male,HR,3433,2020-09-06,4.0,3,Active,Chicago,Night
965,April Parsons,46,Other,IT,3132,2015-07-04,2.0,10,Inactive,Chicago,Evening
966,Edgar Herrera MD,65,Female,HR,2959,2019-06-26,,2,Active,Los Angeles,Evening
967,Andres Barnett,50,Female,HR,2736,2024-08-25,1.0,13,Active,Chicago,Evening
968,Elizabeth Miles,25,Other,IT,4977,2024-07-05,2.0,19,Inactive,Los Angeles,Evening
969,Nicholas Edwards,65,Other,Sales,8928,2020-04-05,1.0,6,Active,Chicago,Evening
970,Michael Mejia,53,Male,Sales,8260,2020-08-30,,15,Inactive,New York,Night
971,Michael Reed,50,Male,IT,5639,2015-09-07,3.0,1,Inactive,New York,Morning
972,Kelsey Fischer,22,Male,IT,9049,2016-06-21,,19,Inactive,Chicago,Night
973,James Mendoza,23,Other,Sales,6871,2016-04-11,4.0,15,Inactive,New York,Morning
974,Catherine Kelley,18,Other,IT,3388,2024-08-26,,19,Inactive,Chicago,Evening
975,Brett Myers,37,Male,IT,3288,2018-05-16,2.0,15,Inactive,Los Angeles,Night
976,Bryce Anderson,52,Female,IT,2093,2020-09-22,,14,Active,New York,Night
977,Kimberly Ross,19,Male,Sales,9331,2018-07-03,5.0,12,Active,New York,Morning
978,Larry Johnson,24,Other,Sales,5081,2020-10-30,3.0,7,Inactive,New York,Morning
979,Michael Lee,18,Female,IT,6086,2019-05-30,4.0,7,Inactive,Los Angeles,Evening
980,Crystal Espinoza,55,Female,IT,4952,2023-09-04,2.0,5,Active,Chicago,Night
981,Jeffrey Johnson,28,Male,HR,2244,2021-07-06,4.0,2,Inactive,Chicago,Night
982,Emily Anderson,31,Female,Sales,4921,2016-08-29,,19,Active,New York,Evening
983,Stephen Ponce,46,Other,Sales,8696,2022-10-14,4.0,1,Active,New York,Evening
984,David Moody,43,Male,HR,8830,2021-09-10,,19,Inactive,Chicago,Evening
985,Jeffrey Hall,41,Other,IT,8768,2018-08-27,3.0,16,Inactive,Los Angeles,Night
986,Regina Ferguson,62,Other,HR,8555,2017-04-21,1.0,14,Inactive,Los Angeles,Morning
987,Melissa Bradley,39,Female,IT,9618,2015-07-05,1.0,13,Active,New York,Morning
988,Danielle Brown,31,Female,IT,5605,2024-06-28,,1,Active,Chicago,Morning
989,Hannah Hickman,36,Female,IT,9118,2022-07-02,5.0,5,Active,New York,Night
990,Shannon Meyer,18,Other,HR,9985,2022-11-05,4.0,18,Active,Chicago,Night
991,Amy Johnston,53,Female,HR,3991,2024-09-03,4.0,8,Active,Chicago,Morning
992,William Schultz,23,Other,Sales,4311,2019-08-17,,10,Inactive,Los Angeles,Evening
993,Ashley Daniels,25,Other,Sales,5524,2022-11-24,,8,Inactive,New York,Morning
994,Brandon Bruce,31,Female,HR,3371,2018-09-25,5.0,12,Inactive,Chicago,Night
995,Rachel Phillips,22,Male,IT,3096,2018-10-27,2.0,7,Inactive,Chicago,Evening
996,Pamela Reeves,49,Female,Sales,7652,2024-06-23,4.0,3,Active,Los Angeles,Evening
997,Todd Johnson,29,Female,Sales,6754,2018-07-20,,12,Inactive,New York,Morning
998,Michael Sanchez,18,Male,Sales,5278,2023-07-05,5.0,3,Active,New York,Morning
999,Ashley Taylor,51,Female,IT,5437,2022-02-18,4.0,9,Inactive,Los Angeles,Evening
1000,Shawn Scott,45,Male,IT,7364,2022-07-31,2.0,4,Active,New York,Morning
